[
  {
    "Type": "Scoreboard",
    "X": -3949.0,
    "Y": -1640.0,
    "Scale": -1.5646219E-7,
    "HorizontalFacing": "Right",
    "VerticalFacing": "Middle",
    "Text-R": 255,
    "Text-G": 255,
    "Text-B": 255,
    "Background-R": 0,
    "Background-G": 0,
    "Background-B": 0,
    "Background-Alpha": 95,
    "Rect": false,
    "Rect-Color": "Custom",
    "Rect-R": 0,
    "Rect-G": 111,
    "Rect-B": 255,
    "Rect-Alpha": 255,
    "Shadow": false,
    "Font": {
      "fontName": "Minecraft Font",
      "fontSize": -1
    }
  },
  {
    "Type": "Scoreboard",
    "X": -3041.0,
    "Y": -2765.0,
    "Scale": -1.5646219E-7,
    "HorizontalFacing": "Right",
    "VerticalFacing": "Middle",
    "Text-R": 255,
    "Text-G": 255,
    "Text-B": 255,
    "Background-R": 0,
    "Background-G": 0,
    "Background-B": 0,
    "Background-Alpha": 95,
    "Rect": false,
    "Rect-Color": "Custom",
    "Rect-R": 0,
    "Rect-G": 111,
    "Rect-B": 255,
    "Rect-Alpha": 255,
    "Shadow": false,
    "Font": {
      "fontName": "Minecraft Font",
      "fontSize": -1
    }
  },
  {
    "Type": "Scoreboard",
    "X": 5.0,
    "Y": 3.0,
    "Scale": 1.0,
    "HorizontalFacing": "Right",
    "VerticalFacing": "Middle",
    "Text-R": 255,
    "Text-G": 255,
    "Text-B": 255,
    "Background-R": 0,
    "Background-G": 0,
    "Background-B": 0,
    "Background-Alpha": 95,
    "Rect": false,
    "Rect-Color": "Custom",
    "Rect-R": 0,
    "Rect-G": 111,
    "Rect-B": 255,
    "Rect-Alpha": 255,
    "Shadow": false,
    "Font": {
      "fontName": "Minecraft Font",
      "fontSize": -1
    }
  },
  {
    "Type": "Text",
    "X": 38.0,
    "Y": 13.0,
    "Scale": 1.0,
    "HorizontalFacing": "Left",
    "VerticalFacing": "Up",
    "DisplayText": "alnut",
    "Red": 255,
    "Green": 255,
    "Blue": 255,
    "Rainbow": false,
    "Rainbow-X": -1000.0,
    "Rainbow-Y": -1000.0,
    "Shadow": true,
    "Font": {
      "fontName": "Roboto Bold",
      "fontSize": 120
    }
  },
  {
    "Type": "Text",
    "X": 1.0,
    "Y": 1.0,
    "Scale": 1.0,
    "HorizontalFacing": "Left",
    "VerticalFacing": "Up",
    "DisplayText": "W",
    "Red": 220,
    "Green": 143,
    "Blue": 167,
    "Rainbow": false,
    "Rainbow-X": -1000.0,
    "Rainbow-Y": -1000.0,
    "Shadow": true,
    "Font": {
      "fontName": "Roboto Bold",
      "fontSize": 180
    }
  },
  {
    "Type": "Armor",
    "X": 119.0,
    "Y": 90.0,
    "Scale": 1.0,
    "HorizontalFacing": "Middle",
    "VerticalFacing": "Down",
    "Alignment": "Horizontal"
  },
  {
    "Type": "Target",
    "X": 259.0,
    "Y": 83.0,
    "Scale": 0.79999995,
    "HorizontalFacing": "Left",
    "VerticalFacing": "Up",
    "FadeSpeed": 2.0,
    "RainbowOffset": 2.2666666E10
  },
  {
    "Type": "Effects",
    "X": 182.0,
    "Y": -3.0,
    "Scale": 1.0,
    "HorizontalFacing": "Left",
    "VerticalFacing": "Middle",
    "Font": {
      "fontName": "jello30",
      "fontSize": 30
    },
    "Shadow": false
  },
  {
    "Type": "Notifications",
    "X": -203.0,
    "Y": 230.0,
    "Scale": 0.84999996,
    "HorizontalFacing": "Middle",
    "VerticalFacing": "Up",
    "BackGroundAlpha": 170,
    "Font": {
      "fontName": "Roboto Medium",
      "fontSize": 35
    }
  },
  {
    "Type": "Arraylist",
    "X": -267.0,
    "Y": 0.0,
    "Scale": 0.99999994,
    "HorizontalFacing": "Middle",
    "VerticalFacing": "Up",
    "BRainbowSpeed": 39,
    "BRainbow-Saturation": 1.0,
    "BRainbow-Brightness": 0.9894737,
    "BRainbow-R": 255,
    "BRainbow-B": 64,
    "BRainbow-G": 50,
    "Rainbow-X": 1833.3333,
    "Rainbow-Y": -1000.0,
    "Text-Color": "OtherRainbow",
    "Text-R": 255,
    "Text-G": 255,
    "Text-B": 255,
    "TwoRainbow": 1.0,
    "Rect-Color": "Custom",
    "Rect-R": 255,
    "Rect-G": 255,
    "Rect-B": 255,
    "Rect-Alpha": 255,
    "Random-Saturation": 0.9,
    "Random-Brightness": 1.0,
    "Tags": true,
    "ShadowText": true,
    "Background-Color": "Custom",
    "Background-R": 255,
    "Background-G": 255,
    "Background-B": 82,
    "Background-Alpha": 0,
    "BackGroundWidth": 2,
    "Rect": "Left",
    "UpperCase": true,
    "Space": 0.0,
    "TextHeight": 8.434782,
    "TextY": 0.0,
    "TagsArrayColor": false,
    "NameBreak": false,
    "Font": {
      "fontName": "Minecraft Font",
      "fontSize": -1
    }
  }
]
