{
  "Combat": {
    "open": true,
    "visible": true,
    "posX": 424,
    "posY": 134,
    "Aimbot": {
      "Settings": false
    },
    "AntiFireBall": {
      "Settings": false
    },
    "AutoArmor": {
      "Settings": false
    },
    "AutoBow": {
      "Settings": false
    },
    "AutoClicker": {
      "Settings": false
    },
    "AutoPot": {
      "Settings": false
    },
    "AutoSoup": {
      "Settings": false
    },
    "AutoWeapon": {
      "Settings": false
    },
    "BowAimbot": {
      "Settings": false
    },
    "Criticals": {
      "Settings": true
    },
    "CriticalsFixed": {
      "Settings": false
    },
    "HitBox": {
      "Settings": false
    },
    "InfiniteAura": {
      "Settings": false
    },
    "KillAura": {
      "Settings": false
    },
    "Reach": {
      "Settings": false
    },
    "SuperKnockback": {
      "Settings": false
    },
    "Velocity": {
      "Settings": false
    }
  },
  "Player": {
    "open": true,
    "visible": true,
    "posX": 675,
    "posY": 56,
    "AntiAim": {
      "Settings": false
    },
    "AntiVoid": {
      "Settings": false
    },
    "AutoReport": {
      "Settings": false
    },
    "AutoTool": {
      "Settings": false
    },
    "Blink": {
      "Settings": false
    },
    "Eagle": {
      "Settings": true
    },
    "FastUse": {
      "Settings": false
    },
    "Gapple": {
      "Settings": false
    },
    "HackerDetector": {
      "Settings": false
    },
    "InventoryCleaner": {
      "Settings": false
    },
    "MidClick": {
      "Settings": true
    },
    "NoFall": {
      "Settings": false
    },
    "PrevFallPos": {
      "Settings": false
    },
    "Regen": {
      "Settings": false
    }
  },
  "Movement": {
    "open": true,
    "visible": true,
    "posX": 0,
    "posY": 15,
    "AntiStuck": {
      "Settings": false
    },
    "BoatJump": {
      "Settings": false
    },
    "Fly": {
      "Settings": false
    },
    "Freeze": {
      "Settings": false
    },
    "HighJump": {
      "Settings": false
    },
    "InventoryMove": {
      "Settings": false
    },
    "LiquidWalk": {
      "Settings": false
    },
    "LongJump": {
      "Settings": false
    },
    "NoJumpDelay": {
      "Settings": true
    },
    "NoSlow": {
      "Settings": false
    },
    "NoSlowDown": {
      "Settings": true
    },
    "NoSlowr": {
      "Settings": false
    },
    "NoWeb": {
      "Settings": false
    },
    "Parkour": {
      "Settings": false
    },
    "SafeWalk": {
      "Settings": false
    },
    "Speed": {
      "Settings": false
    },
    "Sprint": {
      "Settings": false
    },
    "Step": {
      "Settings": false
    },
    "Strafe": {
      "Settings": false
    }
  },
  "Render": {
    "open": true,
    "visible": true,
    "posX": 300,
    "posY": 18,
    "Animations": {
      "Settings": false
    },
    "AntiBlind": {
      "Settings": false
    },
    "BetterFont": {
      "Settings": false
    },
    "BlockESP": {
      "Settings": false
    },
    "BlockOverlay": {
      "Settings": false
    },
    "Breadcrumbs": {
      "Settings": false
    },
    "CameraClip": {
      "Settings": false
    },
    "Chams": {
      "Settings": false
    },
    "DamageParticle": {
      "Settings": false
    },
    "ESP": {
      "Settings": false
    },
    "EffectHUD": {
      "Settings": false
    },
    "EnchantEffect": {
      "Settings": false
    },
    "FakeDead": {
      "Settings": false
    },
    "FreeCam": {
      "Settings": false
    },
    "ItemESP": {
      "Settings": false
    },
    "NameTags": {
      "Settings": false
    },
    "NoBob": {
      "Settings": false
    },
    "NoFOV": {
      "Settings": false
    },
    "PointerESP": {
      "Settings": false
    },
    "Projectiles": {
      "Settings": false
    },
    "StorageESP": {
      "Settings": false
    },
    "Tracers": {
      "Settings": false
    },
    "TrueSight": {
      "Settings": false
    },
    "XRay": {
      "Settings": false
    }
  },
  "Client": {
    "open": true,
    "visible": true,
    "posX": 538,
    "posY": 25,
    "AutoAdvertise": {
      "Settings": true
    },
    "BetterFPS": {
      "Settings": false
    },
    "CapeManager": {
      "Settings": true
    },
    "ClickGUI": {
      "Settings": false
    },
    "HUD": {
      "Settings": false
    },
    "HudDesigner": {
      "Settings": false
    },
    "HurtCam": {
      "Settings": false
    },
    "KeyBindManager": {
      "Settings": false
    },
    "LegitSpoof": {
      "Settings": false
    },
    "Rotations": {
      "Settings": false
    },
    "Target": {
      "Settings": false
    },
    "ToggleSound": {
      "Settings": false
    }
  },
  "World": {
    "open": true,
    "visible": true,
    "posX": 854,
    "posY": 6,
    "Ambience": {
      "Settings": false
    },
    "ChestAura": {
      "Settings": false
    },
    "ChestStealer": {
      "Settings": false
    },
    "FastBreak": {
      "Settings": false
    },
    "FastPlace": {
      "Settings": false
    },
    "Fucker": {
      "Settings": false
    },
    "LightningDetect": {
      "Settings": false
    },
    "NoSlowBreak": {
      "Settings": false
    },
    "Scaffold": {
      "Settings": false
    },
    "Timer": {
      "Settings": false
    }
  },
  "Misc": {
    "open": true,
    "visible": true,
    "posX": 158,
    "posY": 8,
    "Airns内部配置丨by_LikeZhiNai丨QQ外部:796785441": {
      "Settings": false
    },
    "AntiBot": {
      "Settings": false
    },
    "AntiLagBack": {
      "Settings": false
    },
    "AntiVanish": {
      "Settings": true
    },
    "AsNoDeads": {
      "Settings": false
    },
    "AuthBypass": {
      "Settings": false
    },
    "AutoIgnore": {
      "Settings": false
    },
    "AutoLogin": {
      "Settings": false
    },
    "AutoPlay": {
      "Settings": false
    },
    "ChatTranslator": {
      "Settings": false
    },
    "Getname丨Airns": {
      "Settings": false
    },
    "GoodCriticals": {
      "Settings": false
    },
    "HealthWarn": {
      "Settings": false
    },
    "HytScaffold": {
      "Settings": true
    },
    "KillInsults": {
      "Settings": false
    },
    "NameProtect": {
      "Settings": false
    },
    "NewPacket": {
      "Settings": true
    },
    "NoFucker Bedwar": {
      "Settings": false
    },
    "NoRotateSet": {
      "Settings": false
    },
    "Spammer": {
      "Settings": false
    },
    "Teams": {
      "Settings": false
    }
  },
  "Exploit": {
    "open": true,
    "visible": true,
    "posX": 1133,
    "posY": 88,
    "ChatBypass": {
      "Settings": false
    },
    "Clip": {
      "Settings": false
    },
    "Disabler": {
      "Settings": false
    },
    "GhostHand": {
      "Settings": false
    },
    "Kick": {
      "Settings": false
    },
    "MessageSpam": {
      "Settings": false
    },
    "Phase": {
      "Settings": false
    },
    "PingSpoof": {
      "Settings": false
    },
    "Plugins": {
      "Settings": false
    },
    "ServerCrasher": {
      "Settings": false
    },
    "Teleport": {
      "Settings": false
    }
  }
}