[
  {
    "Type": "Armor",
    "X": -8.0,
    "Y": 57.0,
    "Scale": 1.0,
    "HorizontalFacing": "Middle",
    "VerticalFacing": "Down",
    "Alignment": "Horizontal"
  },
  {
    "Type": "Effects",
    "X": 2.0,
    "Y": 10.0,
    "Scale": 1.0,
    "HorizontalFacing": "Right",
    "VerticalFacing": "Down",
    "Font": {
      "fontName": "Small",
      "fontSize": 35
    },
    "Shadow": true
  },
  {
    "Type": "Notifications",
    "X": 4.0,
    "Y": 1.0,
    "Scale": 1.0,
    "HorizontalFacing": "Right",
    "VerticalFacing": "Down"
  },
  {
    "Type": "Scoreboard",
    "X": 5.0,
    "Y": 0.0,
    "Scale": 1.0,
    "HorizontalFacing": "Right",
    "VerticalFacing": "Middle",
    "Text-R": 255,
    "Text-G": 255,
    "Text-B": 255,
    "Background-R": 0,
    "Background-G": 0,
    "Background-B": 0,
    "Background-Alpha": 95,
    "Rect": false,
    "Rect-Color": "Custom",
    "Rect-R": 0,
    "Rect-G": 111,
    "Rect-B": 255,
    "Rect-Alpha": 255,
    "Shadow": false,
    "ServerIp": "Website",
    "NoPoints": false,
    "Font": {
      "fontName": "Minecraft Font",
      "fontSize": -1
    }
  },
  {
    "Type": "Targets",
    "X": -40.0,
    "Y": -24.0,
    "Scale": 1.0,
    "HorizontalFacing": "Middle",
    "VerticalFacing": "Middle",
    "Mode": "Rise",
    "SwitchMode": "Slide",
    "AnimSpeed": 10,
    "SwitchAnimSpeed": 20,
    "Font": {
      "fontName": "Medium",
      "fontSize": 40
    }
  },
  {
    "Type": "Arraylist",
    "X": 1.0,
    "Y": 2.0,
    "Scale": 1.0,
    "HorizontalFacing": "Right",
    "VerticalFacing": "Up",
    "Text-Color": "RiseRainbow",
    "Text-R": 0,
    "Text-G": 111,
    "Text-B": 255,
    "Tag-Color": "Custom",
    "Tag-R": 195,
    "Tag-G": 195,
    "Tag-B": 195,
    "Rect-Color": "Rainbow",
    "Rect-R": 255,
    "Rect-G": 255,
    "Rect-B": 255,
    "Rect-Alpha": 255,
    "Random-Saturation": 0.9,
    "Random-Brightness": 1.0,
    "Tags": true,
    "ShadowText": false,
    "SplitName": false,
    "SlideInAnimation": true,
    "NoRenderModules": true,
    "Background-Color": "Custom",
    "Background-R": 0,
    "Background-G": 0,
    "Background-B": 0,
    "Background-Alpha": 100,
    "Background-Expand": 2,
    "RainbowSpeed": 1,
    "Rect": "None",
    "UpperCase": false,
    "Space": 0.0,
    "TextHeight": 11.0,
    "TextY": 1.0,
    "Font": {
      "fontName": "Small",
      "fontSize": 35
    }
  },
  {
    "Type": "Text",
    "X": 12.0,
    "Y": 15.0,
    "Scale": 1.0,
    "HorizontalFacing": "Left",
    "VerticalFacing": "Up",
    "DisplayText": "FDPClient | %serverIp% | %fps% FPS",
    "Red": 255,
    "Green": 255,
    "Blue": 255,
    "Alpha": 255,
    "Color": "RiseRainbow",
    "Shadow": false,
    "RectRed": 0,
    "RectGreen": 0,
    "RectBlue": 0,
    "RectAlpha": 255,
    "RectColor": "RiseRainbow",
    "Rect": "OneTap",
    "RectExpand": 0.3,
    "RainbowSpeed": 10,
    "RainbowIndex": 1,
    "Font": {
      "fontName": "Medium",
      "fontSize": 40
    }
  }
]