[
  {
    "Type": "Effects",
    "X": 2.0,
    "Y": 10.0,
    "Scale": 1.0,
    "HorizontalFacing": "Right",
    "VerticalFacing": "Down",
    "Font": {
      "fontName": "Roboto Medium",
      "fontSize": 35
    },
    "Shadow": true
  },
  {
    "Type": "Notifications",
    "X": 0.0,
    "Y": 30.0,
    "Scale": 1.0,
    "HorizontalFacing": "Right",
    "VerticalFacing": "Down"
  },
  {
    "Type": "Armor",
    "X": 170.0,
    "Y": 25.0,
    "Scale": 1.0,
    "HorizontalFacing": "Middle",
    "VerticalFacing": "Down",
    "Alignment": "Horizontal"
  },
  {
    "Type": "Scoreboard",
    "X": 371.0,
    "Y": 65.0,
    "Scale": 0.9,
    "HorizontalFacing": "Right",
    "VerticalFacing": "Middle",
    "Text-R": 255,
    "Text-G": 255,
    "Text-B": 255,
    "Background-R": 0,
    "Background-G": 0,
    "Background-B": 0,
    "Background-Alpha": 95,
    "Rect": false,
    "Rect-Color": "Custom",
    "Rect-R": 0,
    "Rect-G": 111,
    "Rect-B": 255,
    "Rect-Alpha": 255,
    "Shadow": false,
    "Font": {
      "fontName": "Minecraft Font",
      "fontSize": -1
    }
  },
  {
    "Type": "Text",
    "X": 474.0,
    "Y": 428.0,
    "Scale": 1.1999998,
    "HorizontalFacing": "Middle",
    "VerticalFacing": "Up",
    "DisplayText": "FPS:%fps%  CPS:%cps%",
    "Red": 255,
    "Green": 255,
    "Blue": 255,
    "Rainbow": true,
    "Rainbow-X": -1000.0,
    "Rainbow-Y": -1000.0,
    "Shadow": true,
    "Outline": false,
    "Rect": false,
    "OneTapRect": false,
    "SkeetRect": false,
    "OnlyWhtie": false,
    "Font": {
      "fontName": "Roboto Medium",
      "fontSize": 35
    }
  },
  {
    "Type": "Text",
    "X": 2.0,
    "Y": 37.0,
    "Scale": 1.0,
    "HorizontalFacing": "Left",
    "VerticalFacing": "Up",
    "DisplayText": "Date:%date%  %time%",
    "Red": 85,
    "Green": 238,
    "Blue": 227,
    "Rainbow": false,
    "Rainbow-X": -1000.0,
    "Rainbow-Y": -1000.0,
    "Shadow": false,
    "Outline": false,
    "Rect": false,
    "OneTapRect": true,
    "SkeetRect": false,
    "OnlyWhtie": false,
    "Font": {
      "fontName": "Roboto Medium",
      "fontSize": 40
    }
  },
  {
    "Type": "Arraylist",
    "X": 11.0,
    "Y": 3.0,
    "Scale": 1.0,
    "HorizontalFacing": "Right",
    "VerticalFacing": "Up",
    "BRainbowSpeed": 90,
    "BRainbow-Saturation": 1.0,
    "BRainbow-Brightness": 1.0,
    "BRainbow-R": 0,
    "BRainbow-B": 50,
    "BRainbow-G": 51,
    "Rainbow-X": -1000.0,
    "Rainbow-Y": -1000.0,
    "Text-Color": "LRainbow",
    "Text-R": 140,
    "Text-G": 255,
    "Text-B": 162,
    "TwoRainbow": 1.0,
    "Rect-Color": "LRainbow",
    "Rect-R": 255,
    "Rect-G": 255,
    "Rect-B": 255,
    "Rect-Alpha": 255,
    "Random-Saturation": 0.9,
    "Random-Brightness": 1.0,
    "Tags": true,
    "ShadowText": true,
    "Background-Color": "Custom",
    "Background-R": 2,
    "Background-G": 0,
    "Background-B": 0,
    "Background-Alpha": 0,
    "BackGroundWidth": 2,
    "Rect": "Right",
    "UpperCase": false,
    "Space": 0.0,
    "TextHeight": 10.895833,
    "TextY": 4.1666665,
    "TagsArrayColor": false,
    "NameBreak": true,
    "Font": {
      "fontName": "Roboto Medium",
      "fontSize": 40
    }
  },
  {
    "Type": "TabGUI",
    "X": 0.0,
    "Y": 50.0,
    "Scale": 1.0,
    "HorizontalFacing": "Left",
    "VerticalFacing": "Up",
    "Rainbow-X": -1000.0,
    "Rainbow-Y": -1000.0,
    "Rectangle Red": 49,
    "Rectangle Green": 116,
    "Rectangle Blue": 255,
    "Rectangle Alpha": 255,
    "Rectangle Rainbow": false,
    "Background Red": 255,
    "Background Green": 255,
    "Background Blue": 255,
    "Background Alpha": 255,
    "Border": true,
    "Border Strength": 2.0,
    "Border Red": 0,
    "Border Green": 0,
    "Border Blue": 0,
    "Border Alpha": 255,
    "Border Rainbow": false,
    "Arrows": true,
    "Font": {
      "fontName": "Roboto Medium",
      "fontSize": 40
    },
    "TextShadow": true,
    "TextFade": false,
    "TextPosition-Y": 1.6847826,
    "Width": 68.20652,
    "TabHeight": 13.423913,
    "UpperCase": false
  },
  {
    "Type": "Text",
    "X": 3.0,
    "Y": 15.0,
    "Scale": 1.0,
    "HorizontalFacing": "Left",
    "VerticalFacing": "Up",
    "DisplayText": "HazelSense by Ling Qun 951383702 V4.2",
    "Red": 88,
    "Green": 238,
    "Blue": 227,
    "Rainbow": false,
    "Rainbow-X": -956.5217,
    "Rainbow-Y": -1000.0,
    "Shadow": true,
    "Outline": false,
    "Rect": false,
    "OneTapRect": true,
    "SkeetRect": false,
    "OnlyWhtie": false,
    "Font": {
      "fontName": "Roboto Medium",
      "fontSize": 40
    }
  }
]
