[
  {
    "Type": "Armor",
    "X": 488.0,
    "Y": 483.0,
    "Scale": 1.0,
    "HorizontalFacing": "Left",
    "VerticalFacing": "Up",
    "Text-Color": "Astolfo",
    "Brightness": 1.0,
    "Text-R": 255,
    "Text-G": 255,
    "Text-B": 255,
    "NewRainbowOffset": 1,
    "Saturation": 0.9,
    "AllSpeed": 141
  },
  {
    "Type": "Notifications",
    "X": 0.0,
    "Y": 30.0,
    "Scale": 1.0,
    "HorizontalFacing": "Right",
    "VerticalFacing": "Down"
  },
  {
    "Type": "Armor",
    "X": -9.0,
    "Y": 57.0,
    "Scale": 1.0,
    "HorizontalFacing": "Middle",
    "VerticalFacing": "Down",
    "Text-Color": "Custom",
    "Brightness": 1.0,
    "Text-R": 255,
    "Text-G": 255,
    "Text-B": 255,
    "NewRainbowOffset": 1,
    "Saturation": 0.9,
    "AllSpeed": 0
  },
  {
    "Type": "ModuleInfos",
    "X": -66.00006103515625,
    "Y": 527.7500534057617,
    "Scale": 0.79999995,
    "HorizontalFacing": "Right",
    "VerticalFacing": "Up",
    "BGRed": 0,
    "BGGreen": 0,
    "BGBlue": 0,
    "BGAlpha": 150,
    "BDRed": 255,
    "BDGreen": 255,
    "BDBlue": 255,
    "Title": true,
    "BDRainbow": false,
    "Font": {
      "fontName": "Small",
      "fontSize": 18
    }
  },
  {
    "Type": "Scoreboard",
    "X": 225.77935791015625,
    "Y": 89.90631103515625,
    "Scale": 1.2999997,
    "HorizontalFacing": "Right",
    "VerticalFacing": "Middle",
    "Background-R": 0,
    "Background-G": 0,
    "Background-B": 0,
    "Background-Alpha": 95,
    "Rect": false,
    "Blur": false,
    "Blur-Strength": 0.0,
    "Color": "LiquidSlowly",
    "Alpha": 255,
    "Saturation": 0.9,
    "Brightness": 1.0,
    "Seconds": 2,
    "Delay": 50,
    "Shadow": false,
    "ChangeDomain": true,
    "ShowRedNumbers": false,
    "Font": {
      "fontName": "Minecraft Font",
      "fontSize": -1
    }
  },
  {
    "Type": "Arraylist",
    "X": 5.999946594238281,
    "Y": 30.99999237060547,
    "Scale": 0.99999994,
    "HorizontalFacing": "Left",
    "VerticalFacing": "Up",
    "Color": "CRainbow",
    "Blur": false,
    "Blur-Strength": 0.0,
    "Alpha": 219,
    "Saturation": 0.852459,
    "Brightness": 0.8360656,
    "Sky-Distance": 2,
    "CRainbow-Seconds": 2,
    "CRainbow-Distance": 2,
    "LiquidSlowly-Distance": 90,
    "Fade-Distance": 50,
    "HorizontalAnimation": "Default",
    "VerticalAnimation": "None",
    "Animation-Speed": 0.25,
    "NameBreak": true,
    "Alphabetical-Order": false,
    "Tags": true,
    "TagsStyle": "-",
    "ShadowText": true,
    "Background-R": 0,
    "Background-G": 0,
    "Background-B": 0,
    "Background-Alpha": 0,
    "Rect-Right": "None",
    "Rect-Left": "None",
    "LowerCase": false,
    "Space": 0.0,
    "TextHeight": 11.0,
    "TextY": 1.0,
    "TagsArrayColor": false,
    "Font": {
      "fontName": "jello",
      "fontSize": 20
    }
  },
  {
    "Type": "Target",
    "X": 395.1817932128906,
    "Y": 274.8181457519531,
    "Scale": 1.0999999,
    "HorizontalFacing": "Left",
    "VerticalFacing": "Up",
    "FadeSpeed": 2.0,
    "Red": 255,
    "Green": 255,
    "Blue": 105,
    "GradientRed": 223,
    "GradientGreen": 255,
    "GradientBlue": 255,
    "Font": {
      "fontName": "Minecraft Font",
      "fontSize": -1
    }
  },
  {
    "Type": "Inventory",
    "X": 695.0000534057617,
    "Y": -24.000011444091797,
    "Scale": 1.0999999,
    "HorizontalFacing": "Left",
    "VerticalFacing": "Up"
  },
  {
    "Type": "Model",
    "X": 33.57139587402344,
    "Y": 368.1428527832031,
    "Scale": 1.05,
    "HorizontalFacing": "Left",
    "VerticalFacing": "Up",
    "Yaw": "Animation",
    "CustomYaw": 0.0,
    "Pitch": "Player",
    "CustomPitch": 0.0
  }
]
