{
  "CommandPrefix": ".",
  "targets": {
    "TargetPlayer": true,
    "TargetMobs": false,
    "TargetAnimals": true,
    "TargetInvisible": false,
    "TargetDead": false
  },
  "features": {
    "AntiForge": false,
    "AntiForgeFML": true,
    "AntiForgeProxy": true,
    "AntiForgePayloads": true,
    "BungeeSpoof": false,
    "AutoReconnectDelay": 60000
  },
  "DonatorCape": {
    "TransferCode": "",
    "CapeEnabled": true
  },
  "Background": {
    "Enabled": true,
    "Particles": false
  },
  "Aimbot": {
    "Range": 3.5900002,
    "TurnSpeed": 2.0,
    "FOV": 180.0,
    "Center": false,
    "Lock": true,
    "OnClick": false,
    "Jitter": false
  },
  "Ambience": {
    "Mode": "Normal",
    "CustomTime": 1000,
    "ChangeWorldTimeSpeed": 150
  },
  "Animations": {
    "Preset": "Jello",
    "InvMode": "None",
    "InvTime": 500,
    "TranslateX": 0.089999996,
    "TranslateY": 0.19,
    "TranslateZ": 0.0,
    "ItemPosX": 0.56,
    "ItemPosY": -0.5,
    "ItemPosZ": -0.71999997,
    "ItemScale": 0.36,
    "SwingAnim": false,
    "SwingSpeed": 2
  },
  "AntiAim": {
    "YawMove": "Spin",
    "PitchMode": "Down",
    "SlientRotate": true
  },
  "AntiBlind": {
    "Confusion": true,
    "Scoreboard": false,
    "Pumpkin": true,
    "Fire": false
  },
  "AntiFall": {
    "Pullback Time": 1500.0
  },
  "AntiFireBall": {
    "Swing": "Normal",
    "Rotation": true
  },
  "Arrows": {
    "Solid": false,
    "Red": 140,
    "Green": 140,
    "Blue": 255,
    "Alpha": 255
  },
  "AtAllProvider": {
    "MaxDelay": 1000,
    "MinDelay": 500,
    "Retry": false
  },
  "AttackEffects": {
    "Mode": "Magic",
    "Amount": 6,
    "Sound": true
  },
  "AutoArmor": {
    "MaxDelay": 84,
    "MinDelay": 48,
    "InvOpen": false,
    "SimulateInventory": true,
    "NoMove": true,
    "ItemDelay": 0,
    "Hotbar": true
  },
  "AutoClicker": {
    "MaxCPS": 15,
    "MinCPS": 12,
    "Right": true,
    "Left": true,
    "Jitter": false
  },
  "AutoGG": {
    "Server": "HuaYuTingGG",
    "JoinDelay": 3
  },
  "AutoHead": {
    "Mode": "Head",
    "Health": 15.0,
    "Delay": 150,
    "Swing": true,
    "BothUse": false
  },
  "AutoKit": {
    "Kit-Name": "Armorer",
    "Edit-Mode": false,
    "Debug": false
  },
  "AutoL": {
    "Mode": "WithWords",
    "WaterMark": true
  },
  "AutoLogin": {
    "Register": "/register %p %p",
    "Login": "/login %p",
    "Password": "LiZiYang2006",
    "Delay": 1500,
    "Title": true,
    "Chat": true
  },
  "AutoPot": {
    "Delay": 50.0,
    "minHP": 12.0,
    "Frog potions": true
  },
  "AutoRespawn": {
    "Instant": true
  },
  "AutoSoup": {
    "Health": 15.0,
    "Delay": 150,
    "OpenInv": false,
    "SimulateInventory": true,
    "Bowl": "Drop"
  },
  "AutoWeapon": {
    "SpoofItem": false,
    "SpoofTicks": 10
  },
  "Blink": {
    "Pulse": false,
    "PulseDelay": 1000
  },
  "BlockESP": {
    "Mode": "Box",
    "Block": 168,
    "Radius": 40,
    "R": 255,
    "G": 179,
    "B": 72,
    "Rainbow": false
  },
  "BlockOverlay": {
    "R": 68,
    "G": 117,
    "B": 255,
    "Rainbow": false,
    "Info": false
  },
  "BlockWalk": {
    "Cobweb": true,
    "Snow": true
  },
  "BotKiller": {
    "Mode": "Normal",
    "Tab": true,
    "TabMode": "Contains",
    "EntityID": true,
    "Color": false,
    "LivingTime": false,
    "LivingTimeTicks": 40,
    "Ground": true,
    "Air": false,
    "InvalidGround": true,
    "Swing": false,
    "Health": false,
    "Derp": true,
    "WasInvisible": false,
    "Armor": false,
    "Ping": false,
    "NeedHit": false,
    "DuplicateInWorld": false,
    "DuplicateInTab": false
  },
  "BowAimbot": {
    "Silent": true,
    "Predict": true,
    "ThroughWalls": false,
    "PredictSize": 2.0,
    "Priority": "Direction",
    "Mark": true
  },
  "Breadcrumbs": {
    "Type": "Line",
    "R": 255,
    "G": 255,
    "B": 255,
    "Alpha": 255,
    "Rainbow": false,
    "Fade": true,
    "DrawThePlayer": true,
    "DrawTargets": true,
    "FadeTime": 5,
    "Precision": 1,
    "LineWidth": 1,
    "SphereScale": 1.0
  },
  "Chams": {
    "Targets": true,
    "Chests": true,
    "Items": true,
    "Legacy-Mode": true,
    "Textured": true,
    "Color": "Fade",
    "Behind-Color": "Same",
    "Red": 255,
    "Green": 255,
    "Blue": 255,
    "Alpha": 255,
    "Saturation": 1.0,
    "Brightness": 1.0,
    "Seconds": 2
  },
  "ChestAura": {
    "Range": 5.0,
    "Delay": 100,
    "ThroughWalls": true,
    "VisualSwing": true,
    "Chest": 54,
    "Rotations": true
  },
  "ChestStealer": {
    "Delay": 20,
    "Silent": false,
    "SilenceTitle": true
  },
  "CivBreak": {
    "Range": 5.0,
    "Rotations": true,
    "VisualSwing": true,
    "Air-Reset": true,
    "Range-Reset": true
  },
  "ClickGUI": {
    "Style": "LiquidBounce",
    "Mode": "Tenacity",
    "Background Accent": true,
    "Scroll Mode": "Value",
    "Setting Accent": "Color",
    "Tab Height": 250,
    "Scale": 1.0,
    "MaxElements": 15,
    "Background": "None",
    "Animation": "ZoomBounce",
    "Color": "Fade",
    "Red": 0,
    "Green": 160,
    "Blue": 255,
    "Saturation": 1.0,
    "Brightness": 1.0,
    "Seconds": 2,
    "ClickGuiColor": "Drak",
    "ClosePrevious": true
  },
  "ColorMixer": {
    "Color1-Red": 255,
    "Color1-Green": 255,
    "Color1-Blue": 255,
    "Color2-Red": 255,
    "Color2-Green": 255,
    "Color2-Blue": 255
  },
  "Criticals": {
    "Mode": "Hop",
    "Delay": 0,
    "JumpHeight": 0.42,
    "DownY": 0.0,
    "HurtTime": 10,
    "OnlyAura": true,
    "DebugMessage": false,
    "StopSpeed": true
  },
  "Damage": {
    "Mode": "NCP",
    "Damage": 1
  },
  "DamageParticle": {
    "AliveTime": 1000,
    "Size": 3
  },
  "Disabler": {
    "Mode": "Dimples",
    "Debug": false,
    "FakeLagBlock": true,
    "FakeLagPosition": true,
    "FakeLagAttack": true,
    "FakeLagC03Spoof": false,
    "LagDelay": 0,
    "LagDuration": 200,
    "Hypixel2BanAlert": false,
    "Hypixel2RotationModifier": false,
    "Hypixel2PingSpoof": true,
    "Hypixel2Delay": 400,
    "Hypixel2InvValidate": false,
    "VerusSlientFlagApply": false,
    "VerusBufferSize": 300,
    "Verus-RepeatTimesFighting": 1,
    "Verus-RepeatTimes": 1,
    "Verus-FlagDelay": 40,
    "Matrix-NoModuleCheck": false,
    "Matrix-MoveFix": true,
    "Matrix-NoMovePacket": true,
    "Flag-Mode": "Edit",
    "Flag-TickDelay": 25,
    "Flag-SilentMode": true
  },
  "ESP": {
    "Player": true,
    "Animals": false,
    "Mobs": false,
    "Minecraft Font": false,
    "Item Held": true,
    "Box": false,
    "Box Mode": "Fade",
    "Degree": "-30",
    "Health Bar": true,
    "Health Bar Mode": "Color",
    "Health Bar Text": true,
    "Tags": true,
    "Red Tags": true,
    "Tag Scale": 0.5,
    "Health Text": true,
    "Background": true
  },
  "EnchantEffect": {
    "Red": 255,
    "Green": 0,
    "Blue": 0,
    "Mode": "Custom"
  },
  "FastClimb": {
    "Mode": "Vanilla",
    "Speed": 0.2872
  },
  "FastPlace": {
    "Speed": 0
  },
  "FastStairs": {
    "Mode": "NCP",
    "LongJump": false
  },
  "FastUse": {
    "Mode": "BlocksMC",
    "NoMove": false,
    "CustomDelay": 0,
    "CustomSpeed": 2,
    "CustomTimer": 1.1
  },
  "Fly": {
    "Mode": "Vanilla",
    "VanillaSpeed": 2.0,
    "VanillaKickBypass": false,
    "ViewBobbing": 3.0,
    "NCPMotion": 0.0,
    "BlockMCSpeed": 1.4,
    "BlockMCKickBypass": false,
    "BlockMCKeepAlive": true,
    "BlockMCNoClip": false,
    "BlockMCSpoofGround": false,
    "Hypixel-Boost": true,
    "Hypixel-BoostDelay": 1200,
    "Hypixel-BoostTimer": 1.0,
    "HypixelNew-Speed": 0.5,
    "collideSpeed": 15.5,
    "collideBoost": 0.3,
    "collideMaxSpeed": 20.0,
    "collideTimer": 0.8,
    "smoothSpeed": 0.9,
    "smoothChangeSpeed": 0.1,
    "smoothMotion": 0.2,
    "smoothTimer": 0.3,
    "smoothDropoff": 1.0,
    "AAC5.2.0Append": 13,
    "AAC5.2.0FastAppendTimer": 0.4,
    "AAC5.2.0FastMaxTimer": 1.2,
    "smoothDropoffA": true,
    "MotionReset": true,
    "Mark": "Off",
    "FakeDamage": true,
    "speedDisplay": true
  },
  "FreeCam": {
    "Speed": 0.8,
    "Fly": true,
    "NoClip": true
  },
  "Fucker": {
    "Block": 26,
    "ThroughWalls": "Around",
    "Range": 3.1,
    "Action": "Destroy",
    "Instant": true,
    "SwitchDelay": 390,
    "Swing": true,
    "Rotations": true,
    "Surroundings": true,
    "NoHit": false
  },
  "Fullbright": {
    "Mode": "Gamma"
  },
  "GhostHand": {
    "Block": 54
  },
  "GlowESP": {
    "Radius": 2.0,
    "Exposure": 2.2,
    "Seperate Texture": false,
    "Players": false,
    "Animals": false,
    "Mobs": false
  },
  "HUD": {
    "BlackHotbar": true,
    "InventoryParticle": false,
    "ShadowMode": "LiquidBounce",
    "ColorMode": "Light Rainbow",
    "FontWidth": 7,
    "Blur": false,
    "hueInterpolation": false,
    "MovingColors": false,
    "PlayTime": true,
    "Logo": true,
    "BMCTest": false,
    "ClientName": "Noteless",
    "Scoreboard-Domain": "One.Noteless",
    "HUD_Hotbar": true,
    "WhiteInfo": false,
    "paimon": true,
    "FontChat": false,
    "ChatRect": true,
    "Health": true,
    "ChatCombine": true,
    "ChatAnimation": true
  },
  "HYTGetName": {
    "Mode": "4V4/1V1"
  },
  "HighJump": {
    "HYTMotion": 5.0,
    "Height": 2.0,
    "Mode": "Vanilla",
    "OnlyGlassPane": false
  },
  "HitBox": {
    "Size": 1.0
  },
  "IceSpeed": {
    "Mode": "NCP"
  },
  "InfiniteAura": {
    "Mode": "Aura",
    "Targets": 3,
    "CPS": 1,
    "Distance": 30,
    "MoveDistance": 5.0,
    "NoRegen": true,
    "Swing": true,
    "PathRender": true
  },
  "InvManager": {
    "Delay": 200.0,
    "Send inventory packets": false,
    "Only while not moving": true,
    "Inventory only": false,
    "Drop archery": false,
    "Move arrows": false,
    "Drop food": false
  },
  "InventoryMove": {
    "NoDetectable": false,
    "AACAdditionPro": false,
    "NoMoveClicks": false
  },
  "ItemESP": {
    "Mode": "Box",
    "R": 0,
    "G": 255,
    "B": 0,
    "Rainbow": true
  },
  "Kick": {
    "Mode": "Quit"
  },
  "KickWarn": {
    "X": -320,
    "Y": -170,
    "PacketsCheck": false,
    "VanillaCheck": true
  },
  "KillAura": {
    "MaxCPS": 13,
    "MinCPS": 12,
    "HurtTime": 10,
    "1.9CombatDelay": false,
    "Range": 3.8999999,
    "ThroughWallsRange": 0.0,
    "DiscoverRange": 3.8999999,
    "RangeSprintReducement": 0.4,
    "Priority": "Health",
    "TargetMode": "Switch",
    "LockLocation": "Auto",
    "CustomSmooth": 2.0,
    "RotationReverse": false,
    "RotationReverseTick": 1,
    "KeepDirection": true,
    "KeepDirectionTick": 3,
    "SmoothMode": "QuadSine",
    "RotationMode": "Hypixel2",
    "Swing": "Normal",
    "KeepSprint": true,
    "LightningBolt": false,
    "AutoBlock": "HytPit",
    "VerusAutoBlock": false,
    "AutoBlockRange": 3.76,
    "AutoBlockPacket": "Vanilla",
    "InteractAutoBlock": true,
    "BlockRate": 99,
    "RayCast": true,
    "RayCastIgnored": false,
    "LivingRayCast": true,
    "AAC": false,
    "AttackTiming": "Pre",
    "BlockTiming": "Pre",
    "MaxTurnSpeed": 180.0,
    "MinTurnSpeed": 180.0,
    "SilentRotation": true,
    "Strafe": "Off",
    "StrafeOnlyGround": true,
    "RandomCenter": "Off",
    "RandomRange": 0.0,
    "AlwaysHitable": true,
    "FOV": 160.2,
    "Predict": true,
    "MaxPredictSize": 5.0,
    "MinPredictSize": 5.0,
    "FailRate": 1.0,
    "FakeSwing": false,
    "NoInvAttack": true,
    "NoInvDelay": 250,
    "SwitchDelay": 500,
    "LimitedMultiTargets": 0,
    "Mark": "Jello",
    "Circle": true,
    "CircleRed": 255,
    "CircleGreen": 255,
    "CircleBlue": 255,
    "CircleAlpha": 255,
    "CircleAccuracy": 15
  },
  "LiquidWalk": {
    "Mode": "NCP",
    "NoJump": false,
    "AACFlyMotion": 0.5
  },
  "LongJump": {
    "Mode": "HYT4v4",
    "NCPBoost": 4.25,
    "RedeSkyJumpMovement": 0.13,
    "RedeSkyMotionY": 0.81,
    "RedeSkyMovementReducer": true,
    "RedeSkyReduceMovement": 0.08,
    "RedeSkyMotionYReducer": true,
    "RedeSkyReduceYMotion": 0.15,
    "RedeSkyTimer": 0.3,
    "RedeSky2AirSpeed": 0.1,
    "RedeSky2MinAirSpeed": 0.08,
    "RedeSky2ReduceAirSpeed": 0.16,
    "RedeSky2AirSpeedReducer": true,
    "RedeSky2YMotion": 0.08,
    "RedeSky2MinYMotion": 0.04,
    "RedeSky2ReduceYMotion": 0.15,
    "RedeSky2YMotionReducer": true,
    "RedeSky3JumpTime": 500,
    "RedeSky3Boost": 1.0,
    "RedeSky3Height": 1.0,
    "RedeSky3Timer": 1.0,
    "AutoJump": true,
    "AutoClose": true,
    "CustomLong": 0.7,
    "CustomHeight": 0.07,
    "CustomTimer": 2.0
  },
  "NameProtect": {
    "FakeName": "PoqwerX",
    "AllPlayers": false,
    "SkinProtect": true
  },
  "NameTag": {
    "Player": true,
    "Mob": false,
    "Animal": false,
    "Invisible": false,
    "Health": true,
    "Distance": false,
    "BackGround": 100,
    "Font": {
      "fontName": "Minecraft Font",
      "fontSize": -1
    }
  },
  "NewXray": {
    "Opacity": 50,
    "Dis": 50,
    "Cave": true,
    "Tracers": true,
    "ESP": true,
    "Thickness": 0.5,
    "Coal": false,
    "RedStone": false,
    "Iron": false,
    "Gold": true,
    "Diamond": true,
    "Emerald": false,
    "Lapis": false
  },
  "NoFOV": {
    "FOV": 1.155
  },
  "NoFall": {
    "Mode": "NoGround",
    "PhaseOffset": 1,
    "MinMLGHeight": 5.0,
    "MotionSpeed": -0.01
  },
  "NoPitchLimit": {
    "ServerSide": true
  },
  "NoRender": {
    "Items": true,
    "Players": true,
    "Mobs": true,
    "Animals": true,
    "ArmorStand": true,
    "All": true,
    "AutoReset": true,
    "MaxRenderRange": 4.0
  },
  "NoRotateSet": {
    "Confirm": true,
    "ConfirmIllegalRotation": false,
    "NoZero": false
  },
  "NoSlow": {
    "PacketMode": "AAC5",
    "BlockForwardMultiplier": 1.0,
    "BlockStrafeMultiplier": 1.0,
    "ConsumeForwardMultiplier": 1.0,
    "ConsumeStrafeMultiplier": 1.0,
    "BowForwardMultiplier": 0.2,
    "BowStrafeMultiplier": 0.2,
    "CustomOnGround": false,
    "CustomDelay": 60,
    "Soulsand": true,
    "Teleport": false,
    "TeleportMode": "Vanilla",
    "TeleportNoApply": false,
    "Teleport-CustomSpeed": 0.13,
    "Teleport-CustomY": false,
    "Teleport-DecreasePercent": 0.13
  },
  "NoSlowBreak": {
    "Air": true,
    "Water": false
  },
  "NoSwing": {
    "ServerSide": true
  },
  "NoWeb": {
    "Mode": "None",
    "HorizonSpeed": 0.1
  },
  "Nuker": {
    "Radius": 5.2,
    "ThroughWalls": false,
    "Priority": "Distance",
    "Rotations": true,
    "Layer": false,
    "HitDelay": 4,
    "Nuke": 1,
    "NukeDelay": 1
  },
  "PacketFixer": {
    "Blink3Y": false,
    "Timer3A": false,
    "Scaffold14D": true,
    "Scaffold14E": true,
    "Fly4I": true,
    "Fly4C": true
  },
  "PacketGraph": {
    "X": 2.0,
    "Y": 10.0
  },
  "Particles": {
    "Amount": 10,
    "Physics": true
  },
  "Phase": {
    "Mode": "Mineplex"
  },
  "PingSpoof": {
    "MaxDelay": 0,
    "MinDelay": 0,
    "C00": true,
    "C0F": false,
    "C0B": false,
    "C13": false,
    "C16": true,
    "Cancel": false
  },
  "PlayerEdit": {
    "PlayerSize": 0.5,
    "EditPlayerSize": true
  },
  "PlayerList": {
    "X": 2.0,
    "Y": 10.0
  },
  "Projectiles": {
    "DynamicBowPower": true
  },
  "ProphuntESP": {
    "R": 0,
    "G": 90,
    "B": 255,
    "Rainbow": false
  },
  "Radar": {
    "scale": 2.0,
    "x": 10.0,
    "y": 10.0,
    "size": 10.0
  },
  "Reach": {
    "CombatReach": 7.0,
    "BuildReach": 7.0
  },
  "Regen": {
    "Mode": "Vanilla",
    "Health": 18,
    "Food": 18,
    "Speed": 100,
    "NoAir": false,
    "PotionEffect": false
  },
  "Rotations": {
    "Head": true,
    "Body": true,
    "SensitivityFixed": "New",
    "NaNCheck": true
  },
  "SafeWalk": {
    "AirSafe": false
  },
  "Scaffold": {
    "Mode": "Normal",
    "MaxDelay": 40,
    "MinDelay": 40,
    "SmartPlaceableDelay": false,
    "AutoBlock": "Switch",
    "Sprint": false,
    "Swing": true,
    "Search": true,
    "Down": false,
    "PlaceTiming": "Post",
    "TimerBoost": true,
    "FastTimer": 0,
    "SlowTimer": 0,
    "Timer": 1.0899999,
    "Timer2": 1.0899999,
    "Eagle": false,
    "EagleSilent": false,
    "BlocksToEagle": 0,
    "ExpandLength": 1,
    "Rotations": "AAC",
    "CustomYaw": 79,
    "CustomPitch": 79,
    "Rotation": true,
    "HypixelYaw": 180,
    "HypixelPitch": 79,
    "AACPitch": 81,
    "AACSmartPitch": true,
    "AACYaw": 0,
    "KeepRotationLength": 20,
    "Zitter": false,
    "ZitterMode": "Teleport",
    "ZitterSpeed": 0.1,
    "ZitterStrength": 0.0,
    "SpeedModifier": 0.74,
    "SameY": false,
    "SmartSpeed": true,
    "AutoJump": false,
    "SafeWalk": false,
    "AirSafe": false,
    "R": 255,
    "G": 255,
    "B": 255,
    "Counter": "Sigma",
    "Blur-Advanced": true,
    "Blur-Strength": 27.300001,
    "Mark": true,
    "Tower": false,
    "Debug": true,
    "MaxTurnSpeed": 178.21,
    "MinTurnSpeed": 172.84
  },
  "ServerCrasher": {
    "Mode": "Book"
  },
  "SessionInfo": {
    "blur": true,
    "xValue": 100.0,
    "yValue": 100.0,
    "R": 0,
    "G": 111,
    "B": 255,
    "alpha": 255
  },
  "SlimeJump": {
    "Motion": 0.42,
    "Mode": "Add"
  },
  "Sneak": {
    "Mode": "MineSecure",
    "StopMove": false
  },
  "Spammer": {
    "MaxDelay": 1000,
    "MinDelay": 500,
    "Message": "Noteless Client | liquidbounce(.",
    "Custom": false
  },
  "Speed": {
    "Mode": "Custom",
    "LagBackCheck": true,
    "CustomSpeed": 0.506,
    "CustomY": 0.28,
    "CustomTimer": 1.0,
    "CustomStrafe": true,
    "CustomResetXZ": false,
    "CustomResetY": false,
    "SpeedTimer": 1.695,
    "hypixelspeed": 2.0,
    "speedY": 0.416
  },
  "SpeedMine": {
    "Speed": 1.5
  },
  "Sprint": {
    "AllDirections": false,
    "Blindness": true,
    "Food": true,
    "CheckServerSide": false,
    "CheckServerSideOnlyGround": false
  },
  "Step": {
    "Timer": 0.1
  },
  "StorageESP": {
    "Mode": "Outline",
    "Chest": true,
    "EnderChest": false,
    "Furnace": false,
    "Dispenser": false,
    "Hopper": false
  },
  "Strafe": {
    "Strength": 0.67,
    "Rotate": true,
    "OnlySpeed": true,
    "NoMoveStop": false,
    "OnGround": true
  },
  "SuperKnockback": {
    "HurtTime": 10
  },
  "TargetHUD": {
    "Mode": "Flux",
    "X": -150,
    "Y": 80
  },
  "TargetStrafe": {
    "RenderMode": "Pentagon",
    "ThirdPersonView": false,
    "Radius": 0.1,
    "HoldSpace": false,
    "OnlySpeed": false,
    "keyFly": false
  },
  "Teams": {
    "ScoreboardTeam": true,
    "Color": true,
    "GommeSW": false,
    "ArmorColor": false
  },
  "Teleport": {
    "IgnoreNoCollision": true,
    "Mode": "Blink",
    "Button": "Middle",
    "NeedSneak": true
  },
  "Timer": {
    "Speed": 0.1,
    "OnMove": false
  },
  "Tower": {
    "Mode": "MotionTP",
    "AutoBlock": true,
    "StayAutoBlock": false,
    "Swing": true,
    "StopWhenBlockAbove": false,
    "Rotations": true,
    "KeepRotation": false,
    "OnJump": false,
    "PlaceTiming": "Post",
    "Timer": 1.0,
    "JumpMotion": 0.42,
    "JumpDelay": 0,
    "ConstantMotion": 0.42,
    "ConstantMotionJumpGround": 0.79,
    "TeleportHeight": 1.15,
    "TeleportDelay": 0,
    "TeleportGround": true,
    "TeleportNoMotion": false,
    "Counter": true
  },
  "Tracers": {
    "Thickness": 2.0,
    "DistanceColor": false
  },
  "TrueSight": {
    "Barriers": true,
    "Entities": true
  },
  "Velocity": {
    "Horizontal": 0.0,
    "Vertical": 0.0,
    "alerts": true,
    "VelocityTick": 0,
    "Mode": "Cancel",
    "PhaseHeight": 0.5,
    "PhaseOnlyGround": true,
    "OnlyCombat": false,
    "OnlyGround": false,
    "noFire": true
  },
  "WallClimb": {
    "Mode": "Simple",
    "ClipMode": "Fast",
    "CheckerClimbMotion": 0.0
  },
  "WaterSpeed": {
    "Speed": 1.2
  },
  "XRay": {
    "Bypass": true,
    "DrawBlockESP": true,
    "Cave": true
  }
}
