{
  "modules": {
    "Aimbot": {
      "state": false,
      "keybind": 0,
      "array": true,
      "autodisable": "NONE",
      "values": {
        "Range": 4.4,
        "TurnSpeed": 2.0,
        "FOV": 180.0,
        "Center": false,
        "Lock": true,
        "OnClick": false,
        "Jitter": false
      }
    },
    "Airns内部配置丨by_LikeZhiNai丨QQ外部:796785441": {
      "state": true,
      "keybind": 0,
      "array": true,
      "autodisable": "NONE",
      "values": {}
    },
    "Ambience": {
      "state": true,
      "keybind": 0,
      "array": true,
      "autodisable": "NONE",
      "values": {
        "TimeMode": "Custom",
        "WeatherMode": "None",
        "CustomTime": 1904,
        "ChangeWorldTimeSpeed": 150,
        "WeatherStrength": 1.0
      }
    },
    "Animations": {
      "state": true,
      "keybind": 0,
      "array": false,
      "autodisable": "NONE",
      "values": {
        "Preset": "SlideDown",
        "InvMode": "None",
        "InvTime": 500,
        "TranslateX": 0.0,
        "TranslateY": 0.0,
        "TranslateZ": 0.0,
        "ItemPosX": 0.56,
        "ItemPosY": -0.12,
        "ItemPosZ": -0.86,
        "ItemScale": 0.16,
        "SwingAnim": true,
        "SwingSpeed": 1.0
      }
    },
    "AntiAim": {
      "state": false,
      "keybind": 0,
      "array": true,
      "autodisable": "NONE",
      "values": {
        "YawMove": "Spin",
        "PitchMode": "Jitter",
        "SilentRotate": true
      }
    },
    "AntiBlind": {
      "state": true,
      "keybind": 0,
      "array": false,
      "autodisable": "NONE",
      "values": {
        "Confusion": true,
        "Pumpkin": true,
        "Fire": false,
        "Bright": "NightVision"
      }
    },
    "AntiBot": {
      "state": true,
      "keybind": 0,
      "array": false,
      "autodisable": "NONE",
      "values": {
        "Tab": false,
        "TabMode": "Contains",
        "EntityID": true,
        "Color": false,
        "LivingTime": true,
        "LivingTimeTicks": 3,
        "Ground": true,
        "Air": false,
        "InvalidGround": false,
        "Swing": false,
        "Health": false,
        "Derp": true,
        "WasInvisible": false,
        "Armor": true,
        "Ping": false,
        "NeedHit": false,
        "DuplicateInWorld": false,
        "DuplicateInTab": false,
        "MatrixBot": false,
        "AlwaysInRadius": false,
        "AlwaysInRadiusBlocks": 20.0
      }
    },
    "AntiFireBall": {
      "state": true,
      "keybind": 0,
      "array": true,
      "autodisable": "NONE",
      "values": {
        "Swing": "Packet",
        "Rotation": true
      }
    },
    "AntiLagBack": {
      "state": true,
      "keybind": 0,
      "array": true,
      "autodisable": "NONE",
      "values": {}
    },
    "AntiStuck": {
      "state": false,
      "keybind": 0,
      "array": true,
      "autodisable": "NONE",
      "values": {
        "Flags": 5
      }
    },
    "AntiVanish": {
      "state": false,
      "keybind": 0,
      "array": true,
      "autodisable": "NONE",
      "values": {}
    },
    "AntiVoid": {
      "state": false,
      "keybind": 0,
      "array": true,
      "autodisable": "NONE",
      "values": {
        "Mode": "Blink",
        "FallCheckMode": "FallDist",
        "MaxFallDistance": 5.17,
        "ResetMotion": false,
        "BlinkStartFallDistance": 2.0,
        "BlinkAutoScaffold": true
      }
    },
    "AsNoDeads": {
      "state": true,
      "keybind": 0,
      "array": true,
      "autodisable": "NONE",
      "values": {}
    },
    "AuthBypass": {
      "state": false,
      "keybind": 0,
      "array": true,
      "autodisable": "NONE",
      "values": {
        "Delay": 1500
      }
    },
    "AutoAdvertise": {
      "state": false,
      "keybind": 0,
      "array": false,
      "autodisable": "NONE",
      "values": {}
    },
    "AutoArmor": {
      "state": true,
      "keybind": 0,
      "array": false,
      "autodisable": "NONE",
      "values": {
        "MaxDelay": 34,
        "MinDelay": 34,
        "InvOpen": false,
        "SimulateInventory": true,
        "NoMove": false,
        "ItemDelay": 0,
        "Hotbar": true
      }
    },
    "AutoBow": {
      "state": true,
      "keybind": 0,
      "array": false,
      "autodisable": "NONE",
      "values": {
        "WaitForBowAimbot": true
      }
    },
    "AutoClicker": {
      "state": true,
      "keybind": 0,
      "array": true,
      "autodisable": "NONE",
      "values": {
        "MaxCPS": 8,
        "MinCPS": 5,
        "Right": false,
        "Left": true,
        "Jitter": false
      }
    },
    "AutoIgnore": {
      "state": false,
      "keybind": 0,
      "array": true,
      "autodisable": "NONE",
      "values": {
        "MinDelay": 3000,
        "IgnoreVL": 3
      }
    },
    "AutoLogin": {
      "state": false,
      "keybind": 0,
      "array": true,
      "autodisable": "NONE",
      "values": {
        "Register": "/register %p %p",
        "Login": "/login %p",
        "Password": "1314zht",
        "Delay": 1500,
        "Title": true,
        "Chat": true
      }
    },
    "AutoPlay": {
      "state": false,
      "keybind": 0,
      "array": true,
      "autodisable": "NONE",
      "values": {
        "Server": "RedeSky",
        "Silent": true,
        "JoinDelay": 3
      }
    },
    "AutoPot": {
      "state": true,
      "keybind": 0,
      "array": true,
      "autodisable": "NONE",
      "values": {
        "Health": 15.0,
        "Delay": 500,
        "ThrowTick": 3,
        "SelectSlot": -1,
        "OpenInv": false,
        "SimulateInventory": true,
        "Regen": true,
        "Utility": true,
        "NotCombat": true
      }
    },
    "AutoReport": {
      "state": false,
      "keybind": 0,
      "array": true,
      "autodisable": "NONE",
      "values": {
        "Mode": "Hit",
        "Command": "/reportar %name%",
        "Tip": true,
        "AllDelay": 1000,
        "BlockBooks": false
      }
    },
    "AutoSoup": {
      "state": false,
      "keybind": 0,
      "array": true,
      "autodisable": "NONE",
      "values": {
        "Health": 15.0,
        "Delay": 150,
        "OpenInv": false,
        "SimulateInventory": true,
        "Bowl": "Drop"
      }
    },
    "AutoTool": {
      "state": true,
      "keybind": 0,
      "array": false,
      "autodisable": "NONE",
      "values": {}
    },
    "AutoWeapon": {
      "state": true,
      "keybind": 0,
      "array": false,
      "autodisable": "NONE",
      "values": {
        "SpoofItem": false,
        "SpoofTicks": 3
      }
    },
    "BetterFPS": {
      "keybind": 0,
      "values": {
        "SinMode": "Vanilla",
        "CosMode": "Vanilla"
      }
    },
    "BetterFont": {
      "state": true,
      "keybind": 0,
      "array": false,
      "autodisable": "NONE",
      "values": {}
    },
    "Blink": {
      "state": false,
      "keybind": 0,
      "array": true,
      "autodisable": "NONE",
      "values": {
        "Pulse": true,
        "PulseDelay": 583
      }
    },
    "BlockESP": {
      "state": false,
      "keybind": 0,
      "array": true,
      "autodisable": "NONE",
      "values": {
        "Mode": "Box",
        "Outline-Width": 3.0,
        "Block": 168,
        "Radius": 40,
        "R": 255,
        "G": 179,
        "B": 72,
        "Rainbow": false
      }
    },
    "BlockOverlay": {
      "state": true,
      "keybind": 0,
      "array": false,
      "autodisable": "NONE",
      "values": {
        "Red": 175,
        "Green": 207,
        "Blue": 255,
        "Alpha": 201,
        "LineWidth": 2.0,
        "Rainbow": false,
        "Info": false
      }
    },
    "BoatJump": {
      "state": false,
      "keybind": 0,
      "array": true,
      "autodisable": "NONE",
      "values": {
        "Mode": "Boost",
        "HBoost": 3.0,
        "VBoost": 3.0,
        "LaunchRadius": 4.0,
        "Delay": 200,
        "AutoHit": true
      }
    },
    "BowAimbot": {
      "state": true,
      "keybind": 0,
      "array": false,
      "autodisable": "NONE",
      "values": {
        "Silent": true,
        "Predict": true,
        "ThroughWalls": false,
        "PredictSize": 5.0,
        "Priority": "Direction",
        "Mark": true
      }
    },
    "Breadcrumbs": {
      "state": false,
      "keybind": 0,
      "array": true,
      "autodisable": "NONE",
      "values": {
        "R": 255,
        "G": 255,
        "B": 255,
        "Rainbow": true,
        "Fade": true,
        "FadeTime": 9
      }
    },
    "CameraClip": {
      "state": true,
      "keybind": 0,
      "array": true,
      "autodisable": "NONE",
      "values": {}
    },
    "CapeManager": {
      "keybind": 0,
      "values": {}
    },
    "Chams": {
      "state": true,
      "keybind": 0,
      "array": true,
      "autodisable": "NONE",
      "values": {
        "Targets": true,
        "Chests": true,
        "Items": true
      }
    },
    "ChatBypass": {
      "state": false,
      "keybind": 0,
      "array": true,
      "autodisable": "NONE",
      "values": {
        "Mode": "Null",
        "Chance": 0.2,
        "MinUnicode": 1000,
        "MaxUnicode": 20000
      }
    },
    "ChatTranslator": {
      "state": false,
      "keybind": 0,
      "array": true,
      "autodisable": "NONE",
      "values": {
        "Language": "English",
        "API": "Bing"
      }
    },
    "ChestAura": {
      "state": false,
      "keybind": 44,
      "array": true,
      "autodisable": "NONE",
      "values": {
        "Range": 5.0,
        "Delay": 100,
        "ThroughWalls": true,
        "VisualSwing": true,
        "Rotations": true,
        "DiscoverDelay": false,
        "DiscoverDelayValue": 200,
        "OnlyOnGround": true,
        "NotOpened": false,
        "DoubleClick": false
      }
    },
    "ChestStealer": {
      "state": false,
      "keybind": 44,
      "array": true,
      "autodisable": "NONE",
      "values": {
        "MaxDelay": 99,
        "MinDelay": 77,
        "ChestOpenDelay": 300,
        "TakeRandomized": false,
        "OnlyItems": false,
        "NoCompass": false,
        "AutoClose": true,
        "Silent": true,
        "SilentTitle": true,
        "AutoCloseMaxDelay": 0,
        "AutoCloseMinDelay": 0,
        "CloseOnFull": true,
        "ChestTitle": false
      }
    },
    "ClickGUI": {
      "keybind": 54,
      "values": {
        "Style": "LiquidBounce",
        "Scale": 0.3,
        "MaxElements": 20,
        "Rainbow": false,
        "R": 24,
        "G": 160,
        "B": 255
      }
    },
    "Clip": {
      "keybind": 0,
      "values": {
        "Mode": "Teleport",
        "Horizontal": 0.0,
        "Vertical": 5.0
      }
    },
    "Criticals": {
      "state": true,
      "keybind": 22,
      "array": true,
      "autodisable": "NONE",
      "values": {
        "Mode": "Jump",
        "Delay": 58,
        "HurtTime": 10,
        "UseC06Packet": true,
        "DebugMessage": true,
        "RedeNofall": true
      }
    },
    "CriticalsFixed": {
      "state": true,
      "keybind": 0,
      "array": true,
      "autodisable": "NONE",
      "values": {
        "Mode": "HytPacket2",
        "Delay": 500.0,
        "HurtTime": 9
      }
    },
    "DamageParticle": {
      "state": true,
      "keybind": 0,
      "array": false,
      "autodisable": "NONE",
      "values": {
        "AliveTicks": 20,
        "Size": 3
      }
    },
    "Disabler": {
      "state": false,
      "keybind": 0,
      "array": true,
      "autodisable": "NONE",
      "values": {
        "Mode": "MineplexCombat",
        "Debug": false,
        "MemetrixWithAAC5": false,
        "FakeLagPosition": false,
        "FakeLagBlock": false,
        "FakeLagAttack": false,
        "FakeLagC03Spoof": false,
        "LagDelay": 0,
        "LagDuration": 200
      }
    },
    "ESP": {
      "state": false,
      "keybind": 0,
      "array": true,
      "autodisable": "NONE",
      "values": {
        "Mode": "Box",
        "Outline-Width": 2.17,
        "WireFrame-Width": 2.0,
        "ShaderOutline-Radius": 1.35,
        "ShaderGlow-Radius": 2.3,
        "CSGO-Width": 2.0,
        "R": 255,
        "G": 255,
        "B": 255,
        "Rainbow": true,
        "Team": false
      }
    },
    "Eagle": {
      "state": false,
      "keybind": 0,
      "array": true,
      "autodisable": "NONE",
      "values": {}
    },
    "EffectHUD": {
      "state": true,
      "keybind": 0,
      "array": true,
      "autodisable": "NONE",
      "values": {
        "RenderBackground": true,
        "NarrowOnFull": true,
        "EffectColor": true,
        "xCoord": 25,
        "yCoord": 143,
        "Scale": 1.02,
        "Space": 1,
        "BackGroundTheme": "Custom",
        "CustomTheme_R": 255,
        "CustomTheme_G": 255,
        "CustomTheme_B": 255,
        "CustomTheme_A": 180,
        "CustomTheme_CornerRadius": 3,
        "Direction": "Down"
      }
    },
    "EnchantEffect": {
      "state": true,
      "keybind": 0,
      "array": false,
      "autodisable": "NONE",
      "values": {
        "Red": 0,
        "Green": 255,
        "Blue": 0,
        "Mode": "Custom"
      }
    },
    "FakeDead": {
      "state": false,
      "keybind": 0,
      "array": true,
      "autodisable": "NONE",
      "values": {
        "FakeDeathTime": 4,
        "FakeGetHurt": false
      }
    },
    "FastBreak": {
      "state": false,
      "keybind": 0,
      "array": true,
      "autodisable": "NONE",
      "values": {
        "BreakDamage": 0.8
      }
    },
    "FastPlace": {
      "state": true,
      "keybind": 0,
      "array": false,
      "autodisable": "NONE",
      "values": {
        "Speed": 1
      }
    },
    "FastUse": {
      "state": true,
      "keybind": 0,
      "array": true,
      "autodisable": "NONE",
      "values": {
        "Mode": "CustomDelay",
        "Timer": 1.22,
        "InstantDelay": 15,
        "CustomDelay": 5
      }
    },
    "Fly": {
      "state": false,
      "keybind": 0,
      "array": true,
      "autodisable": "FLAG",
      "values": {
        "Mode": "AAC4.X-Glide",
        "VanillaSpeed": 4.25,
        "VanillaKickBypass": true,
        "NCPMotion": 0.0,
        "AAC1.9.10-Speed": 0.3,
        "AAC3.0.5-Fast": true,
        "AAC3.3.12-Motion": 10.0,
        "AAC3.3.13-Motion": 10.0,
        "Hypixel-Boost": true,
        "Hypixel-BoostDelay": 1200,
        "Hypixel-BoostTimer": 1.0,
        "HypixelNew-Speed": 0.5,
        "MineplexSpeed": 1.0,
        "NeruxVace-Ticks": 6,
        "RSCollideSpeed": 15.5,
        "RSCollideBoost": 0.3,
        "RSCollideMaxSpeed": 20.0,
        "RSCollideTimer": 0.8,
        "RSSmoothSpeed": 0.9,
        "RSSmoothChangeSpeed": 0.1,
        "RSSmoothMotion": 0.2,
        "RSSmoothTimer": 0.3,
        "RSSmoothDropoff": 1.0,
        "AAC5.2.0Append": 10,
        "AAC5.2.0FastAppendTimer": 0.37,
        "AAC5.2.0FastMaxTimer": 1.38,
        "AAC5.2.0Purse": 7,
        "AAC5.2.0UseC04": false,
        "AAC5.2.0BetterView": false,
        "RSSmoothDropoffA": true,
        "MotionReset": false,
        "Mark": "Off",
        "FakeDamage": false
      }
    },
    "FreeCam": {
      "state": false,
      "keybind": 0,
      "array": true,
      "autodisable": "RESPAWN",
      "values": {
        "Speed": 0.8,
        "Fly": true,
        "NoClip": true,
        "RecordMotion": true,
        "C03Spoof": true
      }
    },
    "Freeze": {
      "state": false,
      "keybind": 0,
      "array": true,
      "autodisable": "RESPAWN",
      "values": {}
    },
    "Fucker": {
      "state": false,
      "keybind": 0,
      "array": true,
      "autodisable": "NONE",
      "values": {
        "Block": 26,
        "Swing": "Normal",
        "ThroughWalls": "None",
        "Range": 5.0,
        "Action": "Destroy",
        "Instant": true,
        "SwitchDelay": 250,
        "Rotations": false,
        "Surroundings": false,
        "NoHit": false
      }
    },
    "Gapple": {
      "state": false,
      "keybind": 0,
      "array": true,
      "autodisable": "NONE",
      "values": {
        "Mode": "Head",
        "Health": 11.74,
        "Delay": 347,
        "NoAbsorption": true
      }
    },
    "Getname丨Airns": {
      "state": true,
      "keybind": 0,
      "array": true,
      "autodisable": "NONE",
      "values": {
        "Setting": "4V4",
        "NHP": true
      }
    },
    "GhostHand": {
      "state": false,
      "keybind": 0,
      "array": true,
      "autodisable": "NONE",
      "values": {
        "Block": 54,
        "Radius": 4
      }
    },
    "GoodCriticals": {
      "state": true,
      "keybind": 0,
      "array": true,
      "autodisable": "NONE",
      "values": {
        "Mode": "NewAAC5"
      }
    },
    "HUD": {
      "state": true,
      "keybind": 0,
      "array": false,
      "autodisable": "NONE",
      "values": {
        "BetterHotbar": true,
        "HotbarAlpha": 52,
        "InventoryParticle": false,
        "FontChat": true,
        "ChatRect": false,
        "ChatCombine": true,
        "ChatAnimation": false
      }
    },
    "HackerDetector": {
      "state": false,
      "keybind": 0,
      "array": true,
      "autodisable": "NONE",
      "values": {
        "Combat": true,
        "Movement": true,
        "Debug": false,
        "Notify": true,
        "AutoReport": true,
        "VL": 300
      }
    },
    "HealthWarn": {
      "state": true,
      "keybind": 0,
      "array": false,
      "autodisable": "NONE",
      "values": {
        "Health": 10
      }
    },
    "HighJump": {
      "state": false,
      "keybind": 0,
      "array": true,
      "autodisable": "NONE",
      "values": {
        "Height": 2.0,
        "Mode": "AACv3",
        "OnlyGlassPane": false,
        "StableMotion": 0.42
      }
    },
    "HitBox": {
      "state": false,
      "keybind": 0,
      "array": true,
      "autodisable": "NONE",
      "values": {
        "Size": 1.0
      }
    },
    "HudDesigner": {
      "keybind": 0,
      "values": {}
    },
    "HurtCam": {
      "keybind": 0,
      "values": {
        "Mode": "Vanilla",
        "R": 255,
        "G": 0,
        "B": 0,
        "Rainbow": false,
        "FPSTime": 1000,
        "FPSHeight": 25
      }
    },
    "HytScaffold": {
      "state": true,
      "keybind": 0,
      "array": true,
      "autodisable": "NONE",
      "values": {}
    },
    "InfiniteAura": {
      "state": false,
      "keybind": 0,
      "array": true,
      "autodisable": "NONE",
      "values": {
        "Mode": "Aura",
        "Targets": 1,
        "CPS": 5,
        "Distance": 42,
        "MoveDistance": 2.21,
        "NoRegen": false,
        "Swing": true,
        "PathRender": true
      }
    },
    "InventoryCleaner": {
      "state": false,
      "keybind": 44,
      "array": true,
      "autodisable": "NONE",
      "values": {
        "MaxDelay": 81,
        "MinDelay": 70,
        "InvOpen": false,
        "SimulateInventory": true,
        "NoMove": false,
        "IgnoreVehicles": false,
        "Hotbar": true,
        "RandomSlot": false,
        "Sort": true,
        "ItemDelay": 0,
        "SortSlot-1": "Sword",
        "SortSlot-2": "Bow",
        "SortSlot-3": "Pickaxe",
        "SortSlot-4": "Axe",
        "SortSlot-5": "None",
        "SortSlot-6": "None",
        "SortSlot-7": "Food",
        "SortSlot-8": "Block",
        "SortSlot-9": "Block"
      }
    },
    "InventoryMove": {
      "state": true,
      "keybind": 0,
      "array": false,
      "autodisable": "NONE",
      "values": {
        "NoDetectable": false,
        "Bypass": true,
        "Rotate": false,
        "NoMoveClicks": false
      }
    },
    "ItemESP": {
      "state": true,
      "keybind": 0,
      "array": true,
      "autodisable": "NONE",
      "values": {
        "Mode": "Box",
        "Outline-Width": 3.0,
        "R": 0,
        "G": 255,
        "B": 0,
        "Rainbow": true
      }
    },
    "KeyBindManager": {
      "keybind": 0,
      "values": {}
    },
    "Kick": {
      "keybind": 0,
      "values": {
        "Mode": "Quit"
      }
    },
    "KillAura": {
      "state": true,
      "keybind": 19,
      "array": true,
      "autodisable": "NONE",
      "values": {
        "MaxCPS": 12,
        "MinCPS": 11,
        "HurtTime": 10,
        "1.9CombatDelay": false,
        "Range": 4.2,
        "ThroughWallsRange": 0.0,
        "DiscoverRange": 4.5,
        "RangeSprintReducement": 0.35,
        "Priority": "Health",
        "TargetMode": "Switch",
        "Swing": "Normal",
        "KeepSprint": true,
        "AutoBlock": "Range",
        "AutoBlockRange": 4.5,
        "AutoBlockPacket": "Vanilla",
        "InteractAutoBlock": true,
        "BlockRate": 100,
        "RayCast": true,
        "RayCastIgnored": false,
        "LivingRayCast": false,
        "AAC": false,
        "MaxTurnSpeed": 113.29,
        "MinTurnSpeed": 113.29,
        "SilentRotation": true,
        "Strafe": "Off",
        "StrafeOnlyGround": false,
        "RandomCenter": false,
        "Outborder": false,
        "AlwaysHitable": false,
        "FOV": 180.0,
        "Predict": true,
        "MaxPredictSize": 1.02,
        "MinPredictSize": 0.42,
        "FailRate": 0.0,
        "FakeSwing": true,
        "NoInvAttack": false,
        "NoInvDelay": 105,
        "SwitchDelay": 200,
        "LimitedMultiTargets": 0,
        "Mark": "FDP",
        "FakeSharp": false
      }
    },
    "KillInsults": {
      "state": false,
      "keybind": 0,
      "array": true,
      "autodisable": "NONE",
      "values": {
        "Mode": "RawWords",
        "WaterMark": false
      }
    },
    "LegitSpoof": {
      "state": false,
      "keybind": 0,
      "array": false,
      "autodisable": "NONE",
      "values": {
        "Render": false,
        "Title": true
      }
    },
    "LightningDetect": {
      "state": false,
      "keybind": 0,
      "array": false,
      "autodisable": "NONE",
      "values": {}
    },
    "LiquidWalk": {
      "state": false,
      "keybind": 0,
      "array": true,
      "autodisable": "NONE",
      "values": {
        "Mode": "AAC3.3.11",
        "NoJump": false,
        "AACFlyMotion": 0.97
      }
    },
    "LongJump": {
      "state": false,
      "keybind": 0,
      "array": true,
      "autodisable": "FLAG",
      "values": {
        "Mode": "HYT4v4",
        "NCPBoost": 1.0,
        "RedeSkyJumpMovement": 0.13,
        "RedeSkyMotionY": 0.81,
        "RedeSkyMovementReducer": true,
        "RedeSkyReduceMovement": 0.08,
        "RedeSkyMotionYReducer": true,
        "RedeSkyReduceYMotion": 0.15,
        "RedeSkyTimer": 0.3,
        "RedeSky2AirSpeed": 0.1,
        "RedeSky2MinAirSpeed": 0.08,
        "RedeSky2ReduceAirSpeed": 0.16,
        "RedeSky2AirSpeedReducer": true,
        "RedeSky2YMotion": 0.08,
        "RedeSky2MinYMotion": 0.04,
        "RedeSky2ReduceYMotion": 0.15,
        "RedeSky2YMotionReducer": true,
        "RedeSky3JumpTime": 513,
        "RedeSky3Boost": 0.46,
        "RedeSky3Height": 0.34,
        "RedeSky3Timer": 1.0,
        "AutoJump": false,
        "AutoClose": false
      }
    },
    "MessageSpam": {
      "state": false,
      "keybind": 0,
      "array": true,
      "autodisable": "NONE",
      "values": {
        "Times": 3,
        "Delay": 500
      }
    },
    "MidClick": {
      "state": false,
      "keybind": 0,
      "array": true,
      "autodisable": "NONE",
      "values": {}
    },
    "NameProtect": {
      "state": false,
      "keybind": 0,
      "array": false,
      "autodisable": "NONE",
      "values": {
        "AllPlayers": false,
        "SkinProtect": true,
        "FakeName": "一只小智乃吖___________________",
        "PlayerName": "nmslnmslnmslnmslnmslnmslnmslnmslnmsl"
      }
    },
    "NameTags": {
      "state": true,
      "keybind": 0,
      "array": false,
      "autodisable": "NONE",
      "values": {
        "Mode": "Jello",
        "Health": true,
        "Ping": true,
        "Distance": true,
        "Armor": true,
        "ClearNames": true,
        "Font": {
          "fontName": "Medium",
          "fontSize": 40
        },
        "Border": true,
        "Hacker": true,
        "JelloHPColor": true,
        "JelloAlpha": 76,
        "Scale": 1.15
      }
    },
    "NewPacket": {
      "state": false,
      "keybind": 0,
      "array": true,
      "autodisable": "NONE",
      "values": {}
    },
    "NoBob": {
      "state": true,
      "keybind": 0,
      "array": false,
      "autodisable": "NONE",
      "values": {}
    },
    "NoFOV": {
      "state": true,
      "keybind": 0,
      "array": false,
      "autodisable": "NONE",
      "values": {
        "FOV": 1.45
      }
    },
    "NoFall": {
      "state": false,
      "keybind": 0,
      "array": true,
      "autodisable": "NONE",
      "values": {
        "Mode": "AAC5.0.14",
        "PhaseOffset": 1
      }
    },
    "NoFucker Bedwar": {
      "state": true,
      "keybind": 0,
      "array": true,
      "autodisable": "NONE",
      "values": {
        "BedESP": false,
        "Red": 108,
        "Green": 255,
        "Blue": 255,
        "Alpha": 255,
        "ESPSetting": "Box"
      }
    },
    "NoJumpDelay": {
      "state": false,
      "keybind": 0,
      "array": true,
      "autodisable": "NONE",
      "values": {}
    },
    "NoRotateSet": {
      "state": true,
      "keybind": 0,
      "array": false,
      "autodisable": "NONE",
      "values": {
        "Confirm": true,
        "ConfirmIllegalRotation": false,
        "NoZero": false
      }
    },
    "NoSlow": {
      "state": false,
      "keybind": 0,
      "array": true,
      "autodisable": "NONE",
      "values": {
        "PacketMode": "AAC5",
        "BlockForwardMultiplier": 1.0,
        "BlockStrafeMultiplier": 1.0,
        "ConsumeForwardMultiplier": 0.21,
        "ConsumeStrafeMultiplier": 0.21,
        "BowForwardMultiplier": 0.21,
        "BowStrafeMultiplier": 0.21,
        "CustomOnGround": false,
        "CustomDelay": 60,
        "Soulsand": false
      }
    },
    "NoSlowBreak": {
      "state": false,
      "keybind": 0,
      "array": true,
      "autodisable": "NONE",
      "values": {
        "Air": true,
        "Water": false
      }
    },
    "NoSlowDown": {
      "state": false,
      "keybind": 0,
      "array": true,
      "autodisable": "NONE",
      "values": {}
    },
    "NoSlowr": {
      "state": true,
      "keybind": 0,
      "array": true,
      "autodisable": "NONE",
      "values": {}
    },
    "NoWeb": {
      "state": false,
      "keybind": 0,
      "array": false,
      "autodisable": "NONE",
      "values": {
        "Mode": "None"
      }
    },
    "Parkour": {
      "state": false,
      "keybind": 0,
      "array": true,
      "autodisable": "NONE",
      "values": {}
    },
    "Phase": {
      "state": false,
      "keybind": 0,
      "array": true,
      "autodisable": "NONE",
      "values": {
        "Mode": "Vanilla"
      }
    },
    "PingSpoof": {
      "state": false,
      "keybind": 0,
      "array": true,
      "autodisable": "NONE",
      "values": {
        "MaxDelay": 1000,
        "MinDelay": 500,
        "C00": true,
        "C0F": false,
        "C0B": false,
        "C13": false,
        "C16": true,
        "Cancel": false
      }
    },
    "Plugins": {
      "state": false,
      "keybind": 0,
      "array": true,
      "autodisable": "NONE",
      "values": {}
    },
    "PointerESP": {
      "state": true,
      "keybind": 0,
      "array": false,
      "autodisable": "NONE",
      "values": {
        "Mode": "Solid",
        "Red": 255,
        "Green": 247,
        "Blue": 255,
        "Alpha": 255
      }
    },
    "PrevFallPos": {
      "state": false,
      "keybind": 0,
      "array": true,
      "autodisable": "NONE",
      "values": {
        "Mode": "OtherBox",
        "Outline-Width": 3.0,
        "FallDist": 1.15,
        "R": 255,
        "G": 255,
        "B": 255,
        "A": 130,
        "Rainbow": false
      }
    },
    "Projectiles": {
      "state": true,
      "keybind": 0,
      "array": true,
      "autodisable": "NONE",
      "values": {
        "DynamicBowPower": true
      }
    },
    "Reach": {
      "state": true,
      "keybind": 0,
      "array": true,
      "autodisable": "NONE",
      "values": {
        "CombatReach": 4.52,
        "BuildReach": 5.55
      }
    },
    "Regen": {
      "state": false,
      "keybind": 0,
      "array": false,
      "autodisable": "NONE",
      "values": {
        "Mode": "NewSpartan",
        "Health": 10,
        "Food": 0,
        "Speed": 60,
        "NoAir": true,
        "PotionEffect": true
      }
    },
    "Rotations": {
      "keybind": 0,
      "values": {
        "Head": true,
        "Body": true,
        "SensitivityFixed": "New",
        "NaNCheck": true
      }
    },
    "SafeWalk": {
      "state": false,
      "keybind": 0,
      "array": true,
      "autodisable": "NONE",
      "values": {
        "AirSafe": false,
        "OnlyPredictVoid": false
      }
    },
    "Scaffold": {
      "state": false,
      "keybind": 33,
      "array": true,
      "autodisable": "NONE",
      "values": {
        "PlaceableDelay": "Normal",
        "MaxDelay": 0,
        "MinDelay": 0,
        "AutoBlock": "Spoof",
        "Sprint": "OffGround",
        "Swing": "Normal",
        "Search": true,
        "Down": false,
        "PlaceTiming": "Post",
        "Eagle": "OFF",
        "BlocksToEagle": 0,
        "ExpandLength": 1,
        "Rotations": "AAC",
        "AACYawOffset": 0,
        "CustomYaw": -145,
        "CustomPitch": 79,
        "SilentRotation": true,
        "MinRotationSpeed": 147,
        "MaxRotationSpeed": 151,
        "KeepRotationTick": 20,
        "ZitterMode": "OFF",
        "ZitterSpeed": 0.13,
        "ZitterStrength": 0.072,
        "Timer": 0.92,
        "MotionSpeedSet": false,
        "MotionSpeed": 0.05,
        "SpeedModifier": 0.7,
        "TowerMode": "AAC4Jump",
        "StopTowerWhenBlockAbove": false,
        "TowerActivation": "OFF",
        "TowerTimer": 1.0,
        "SameY": "OFF",
        "SafeWalk": "Ground",
        "HitableCheck": "OFF",
        "ExtraClick": "RayTrace",
        "ExtraClickMaxDelay": 20,
        "ExtraClickMinDelay": 20,
        "TowerJumpMotion": 0.42,
        "TowerJumpDelay": 0,
        "TowerStableMotion": 0.42,
        "TowerPlusMotion": 0.1,
        "TowerPlusMaxMotion": 0.8,
        "TowerConstantMotion": 0.42,
        "TowerConstantMotionJumpGround": 0.79,
        "TowerTeleportHeight": 1.15,
        "TowerTeleportDelay": 0,
        "TowerTeleportGround": false,
        "TowerTeleportNoMotion": false,
        "Counter": true,
        "Mark": true
      }
    },
    "ServerCrasher": {
      "state": false,
      "keybind": 0,
      "array": true,
      "autodisable": "NONE",
      "values": {
        "Mode": "Book"
      }
    },
    "Spammer": {
      "state": false,
      "keybind": 50,
      "array": true,
      "autodisable": "NONE",
      "values": {
        "MaxDelay": 10000,
        "MinDelay": 10000,
        "Mode": "Single",
        "Message": "@是时候叫出超级飞侠了！加裙：期   久   六   期   扒    吾   似   似   衣   乐迪马上出动！",
        "InsultMessage": "az"
      }
    },
    "Speed": {
      "state": false,
      "keybind": 45,
      "array": true,
      "autodisable": "FLAG",
      "values": {
        "Mode": "AAC5Long",
        "CustomSpeed": 1.6,
        "CustomLaunchSpeed": 1.6,
        "CustomAddYMotion": 0.0,
        "CustomY": 0.0,
        "CustomUpTimer": 1.0,
        "CustomDownTimer": 1.0,
        "CustomStrafe": "Boost",
        "CustomGroundStay": 0,
        "CustomGroundResetXZ": false,
        "CustomResetXZ": false,
        "CustomResetY": false,
        "CustomDoLaunchSpeed": true,
        "AACPort-Length": 1.0,
        "RedeSkyHop-GSpeed": 0.3,
        "RedeSkyHeight": 0.45,
        "RedeSkyHop-Timer": 6.0,
        "RedeSkyHop3-Speed": 0.07,
        "AACGround-Timer": 3.0,
        "TeleportCubeCraft-PortLength": 1.0
      }
    },
    "Sprint": {
      "state": true,
      "keybind": 0,
      "array": false,
      "autodisable": "NONE",
      "values": {
        "AllDirections": false,
        "AllDirectionsRotate": false,
        "Blindness": false,
        "Food": false,
        "CheckServerSide": false,
        "CheckServerSideOnlyGround": false
      }
    },
    "Step": {
      "state": false,
      "keybind": 0,
      "array": true,
      "autodisable": "NONE",
      "values": {
        "Mode": "AAC4.4.0",
        "Height": 1.0,
        "JumpMotion": 0.42,
        "Delay": 0
      }
    },
    "StorageESP": {
      "state": true,
      "keybind": 0,
      "array": true,
      "autodisable": "NONE",
      "values": {
        "Mode": "WireFrame",
        "Outline-Width": 3.0,
        "Chest": true,
        "EnderChest": true,
        "Furnace": true,
        "Dispenser": true,
        "Hopper": true
      }
    },
    "Strafe": {
      "state": false,
      "keybind": 0,
      "array": true,
      "autodisable": "NONE",
      "values": {}
    },
    "SuperKnockback": {
      "state": true,
      "keybind": 0,
      "array": true,
      "autodisable": "NONE",
      "values": {
        "HurtTime": 8,
        "Delay": 305,
        "OnlyMove": false
      }
    },
    "Target": {
      "keybind": 0,
      "values": {
        "Player": true,
        "Animal": false,
        "Mob": false,
        "Invisible": false,
        "Dead": false
      }
    },
    "Teams": {
      "state": true,
      "keybind": 49,
      "array": true,
      "autodisable": "NONE",
      "values": {
        "ScoreboardTeam": true,
        "Color": true,
        "GommeSW": false,
        "ArmorColor": true
      }
    },
    "Teleport": {
      "state": false,
      "keybind": 0,
      "array": true,
      "autodisable": "NONE",
      "values": {
        "IgnoreNoCollision": true,
        "Mode": "Blink",
        "Button": "Middle"
      }
    },
    "Timer": {
      "state": false,
      "keybind": 0,
      "array": true,
      "autodisable": "RESPAWN",
      "values": {
        "Speed": 0.44,
        "OnMove": true
      }
    },
    "ToggleSound": {
      "keybind": 0,
      "values": {
        "Mode": "Click"
      }
    },
    "Tracers": {
      "state": false,
      "keybind": 0,
      "array": true,
      "autodisable": "NONE",
      "values": {
        "Thickness": 2.0,
        "DistanceColor": false
      }
    },
    "TrueSight": {
      "state": false,
      "keybind": 0,
      "array": true,
      "autodisable": "NONE",
      "values": {
        "Barriers": true,
        "Entities": true
      }
    },
    "Velocity": {
      "state": true,
      "keybind": 47,
      "array": true,
      "autodisable": "NONE",
      "values": {
        "Horizontal": 0.02,
        "Vertical": 0.02,
        "Mode": "PacketPhase",
        "ReverseStrength": 0.99,
        "SmoothReverseStrength": 0.05,
        "AACPushXZReducer": 2.0,
        "AACPushYReducer": true,
        "PhaseHeight": 0.02,
        "PhaseOnlyGround": false,
        "LegitStrafe": true,
        "LegitFace": true,
        "RedeskyAlwaysReduce": true,
        "RedeskyOnlyDanger": false
      }
    },
    "XRay": {
      "state": false,
      "keybind": 0,
      "array": true,
      "autodisable": "RESPAWN",
      "values": {}
    }
  },
  "macros": {
    "macros": []
  }
}