[
  {
    "Type": "Scoreboard",
    "X": 5.0,
    "Y": 0.0,
    "Scale": 1.0,
    "HorizontalFacing": "Right",
    "VerticalFacing": "Middle",
    "Text-R": 255,
    "Text-G": 255,
    "Text-B": 255,
    "Background-R": 0,
    "Background-G": 0,
    "Background-B": 0,
    "Background-Alpha": 95,
    "Rect": false,
    "Rect-Color": "Custom",
    "Rect-R": 0,
    "Rect-G": 111,
    "Rect-B": 255,
    "Rect-Alpha": 255,
    "Shadow": false,
    "Font": {
      "fontName": "Minecraft Font",
      "fontSize": -1
    }
  },
  {
    "Type": "Effects",
    "X": 2.0,
    "Y": 10.0,
    "Scale": 1.0,
    "HorizontalFacing": "Right",
    "VerticalFacing": "Down",
    "Font": {
      "fontName": "Roboto Medium",
      "fontSize": 35
    },
    "Shadow": true
  },
  {
    "Type": "Notifications",
    "X": 0.0,
    "Y": 30.0,
    "Scale": 1.0,
    "HorizontalFacing": "Right",
    "VerticalFacing": "Down"
  },
  {
    "Type": "Scoreboard",
    "X": 5.0,
    "Y": 0.0,
    "Scale": 1.0,
    "HorizontalFacing": "Right",
    "VerticalFacing": "Middle",
    "Text-R": 255,
    "Text-G": 255,
    "Text-B": 255,
    "Background-R": 0,
    "Background-G": 0,
    "Background-B": 0,
    "Background-Alpha": 95,
    "Rect": false,
    "Rect-Color": "Custom",
    "Rect-R": 0,
    "Rect-G": 111,
    "Rect-B": 255,
    "Rect-Alpha": 255,
    "Shadow": false,
    "Font": {
      "fontName": "Minecraft Font",
      "fontSize": -1
    }
  },
  {
    "Type": "Effects",
    "X": 2.0,
    "Y": 10.0,
    "Scale": 1.0,
    "HorizontalFacing": "Right",
    "VerticalFacing": "Down",
    "Font": {
      "fontName": "Roboto Medium",
      "fontSize": 35
    },
    "Shadow": true
  },
  {
    "Type": "Scoreboard",
    "X": 5.0,
    "Y": 0.0,
    "Scale": 1.0,
    "HorizontalFacing": "Right",
    "VerticalFacing": "Middle",
    "Text-R": 255,
    "Text-G": 255,
    "Text-B": 255,
    "Background-R": 0,
    "Background-G": 0,
    "Background-B": 0,
    "Background-Alpha": 95,
    "Rect": false,
    "Rect-Color": "Custom",
    "Rect-R": 0,
    "Rect-G": 111,
    "Rect-B": 255,
    "Rect-Alpha": 255,
    "Shadow": false,
    "Font": {
      "fontName": "Minecraft Font",
      "fontSize": -1
    }
  },
  {
    "Type": "Arraylist",
    "X": -241.0,
    "Y": -1.0,
    "Scale": 1.0,
    "HorizontalFacing": "Middle",
    "VerticalFacing": "Up",
    "BRainbowSpeed": 90,
    "BRainbow-Saturation": 1.0,
    "BRainbow-Brightness": 1.0,
    "BRainbow-R": 0,
    "BRainbow-B": 50,
    "BRainbow-G": 50,
    "Rainbow-X": -1000.0,
    "Rainbow-Y": -1000.0,
    "Text-Color": "LRainbow",
    "Text-R": 0,
    "Text-G": 111,
    "Text-B": 255,
    "TwoRainbow": 1.0,
    "Rect-Color": "Rainbow",
    "Rect-R": 255,
    "Rect-G": 255,
    "Rect-B": 255,
    "Rect-Alpha": 255,
    "Random-Saturation": 0.9,
    "Random-Brightness": 1.0,
    "Tags": true,
    "ShadowText": false,
    "Background-Color": "Custom",
    "Background-R": 0,
    "Background-G": 0,
    "Background-B": 0,
    "Background-Alpha": 0,
    "BackGroundWidth": 2,
    "Rect": "Right",
    "UpperCase": false,
    "Space": 0.0,
    "TextHeight": 11.0,
    "TextY": 1.0,
    "TagsArrayColor": true,
    "NameBreak": true,
    "Font": {
      "fontName": "Roboto Medium",
      "fontSize": 40
    }
  },
  {
    "Type": "TabGUI",
    "X": 5.0,
    "Y": 25.0,
    "Scale": 1.0,
    "HorizontalFacing": "Left",
    "VerticalFacing": "Up",
    "Rainbow-X": -1000.0,
    "Rainbow-Y": -1000.0,
    "Rectangle Red": 0,
    "Rectangle Green": 148,
    "Rectangle Blue": 255,
    "Rectangle Alpha": 140,
    "Rectangle Rainbow": true,
    "Background Red": 0,
    "Background Green": 0,
    "Background Blue": 0,
    "Background Alpha": 150,
    "Border": true,
    "Border Strength": 2.0,
    "Border Red": 38,
    "Border Green": 24,
    "Border Blue": 52,
    "Border Alpha": 150,
    "Border Rainbow": true,
    "Arrows": true,
    "Font": {
      "fontName": "Roboto Medium",
      "fontSize": 35
    },
    "TextShadow": true,
    "TextFade": true,
    "TextPosition-Y": 2.0,
    "Width": 60.0,
    "TabHeight": 12.0,
    "UpperCase": true
  },
  {
    "Type": "Armor",
    "X": 362.0,
    "Y": 124.0,
    "Scale": 1.05,
    "HorizontalFacing": "Right",
    "VerticalFacing": "Middle",
    "Alignment": "Vertical"
  },
  {
    "Type": "Model",
    "X": 94.0,
    "Y": 116.0,
    "Scale": 1.0,
    "HorizontalFacing": "Left",
    "VerticalFacing": "Up",
    "Yaw": "Animation",
    "CustomYaw": 0.0,
    "Pitch": "Player",
    "CustomPitch": 0.0
  },
  {
    "Type": "Text",
    "X": 10.0,
    "Y": 9.0,
    "Scale": 1.0,
    "HorizontalFacing": "Left",
    "VerticalFacing": "Up",
    "DisplayText": "rose�ڲ�44",
    "Red": 255,
    "Green": 255,
    "Blue": 255,
    "Rainbow": true,
    "Rainbow-X": -1000.0,
    "Rainbow-Y": -1000.0,
    "Shadow": true,
    "Outline": false,
    "Rect": false,
    "OneTapRect": false,
    "SkeetRect": false,
    "OnlyWhtie": false,
    "Font": {
      "fontName": "Minecraft Font",
      "fontSize": -1
    }
  }
]
