[
  {
    "Type": "Scoreboard",
    "X": 5.0,
    "Y": 0.0,
    "Scale": 1.0,
    "HorizontalFacing": "Right",
    "VerticalFacing": "Middle",
    "Background-R": 0,
    "Background-G": 0,
    "Background-B": 0,
    "Background-Alpha": 95,
    "Rect": false,
    "Blur": false,
    "Blur-Strength": 0.0,
    "Color": "Custom",
    "Red": 0,
    "Green": 111,
    "Blue": 255,
    "Alpha": 255,
    "Saturation": 0.9,
    "Brightness": 1.0,
    "Seconds": 2,
    "Delay": 50,
    "Shadow": false,
    "AntiSnipeMatch": true,
    "ChangeDomain": false,
    "ShowRedNumbers": false,
    "Font": {
      "fontName": "Minecraft Font",
      "fontSize": -1
    }
  },
  {
    "Type": "Effects",
    "X": 2.0,
    "Y": 10.0,
    "Scale": 1.0,
    "HorizontalFacing": "Right",
    "VerticalFacing": "Down",
    "Font": {
      "fontName": "Roboto Medium",
      "fontSize": 35
    },
    "Shadow": true
  },
  {
    "Type": "SpeedGraph",
    "X": 401.0,
    "Y": 416.0,
    "Scale": 1.0,
    "HorizontalFacing": "Middle",
    "VerticalFacing": "Down",
    "yMultiplier": 7.0,
    "Height": 50,
    "Width": 150,
    "Thickness": 2.0,
    "Smoothness": 0.5,
    "R": 255,
    "G": 255,
    "B": 255
  },
  {
    "Type": "Model",
    "X": 378.0,
    "Y": 590.0,
    "Scale": 0.74999994,
    "HorizontalFacing": "Left",
    "VerticalFacing": "Up",
    "Yaw": "Animation",
    "CustomYaw": 0.0,
    "Pitch": "Player",
    "CustomPitch": 0.0
  },
  {
    "Type": "Notifications",
    "X": -88.0,
    "Y": -15.0,
    "Scale": 0.9,
    "HorizontalFacing": "Right",
    "VerticalFacing": "Down",
    "Smooth-YTransition": true,
    "Blur": false,
    "Blur-Strength": 0.0,
    "Style": "Full",
    "UseNewAnim": true,
    "Anim-Speed": 0.5,
    "Background-Red": 0,
    "Background-Alpha": 190
  },
  {
    "Type": "Arraylist",
    "X": -42.0,
    "Y": 0.0,
    "Scale": 0.95,
    "HorizontalFacing": "Right",
    "VerticalFacing": "Up",
    "Color": "CRainbow",
    "Blur": false,
    "Blur-Strength": 0.0,
    "Red": 14,
    "Green": 156,
    "Blue": 228,
    "Alpha": 255,
    "Saturation": 0.9,
    "Brightness": 1.0,
    "Sky-Distance": 2,
    "CRainbow-Seconds": 2,
    "CRainbow-Distance": 2,
    "Mixer-Seconds": 2,
    "Mixer-Distance": 2,
    "LiquidSlowly-Distance": 90,
    "Fade-Distance": 50,
    "HorizontalAnimation": "Default",
    "VerticalAnimation": "None",
    "Animation-Speed": 0.25,
    "NameBreak": true,
    "Alphabetical-Order": false,
    "Tags": true,
    "TagsStyle": "[]",
    "ShadowText": true,
    "Background-R": 0,
    "Background-G": 0,
    "Background-B": 0,
    "Background-Alpha": 0,
    "Rect-Right": "Outline",
    "Rect-Left": "None",
    "LowerCase": false,
    "Space": 0.0,
    "TextHeight": 11.0,
    "TextY": 1.0,
    "TagsArrayColor": false,
    "Font": {
      "fontName": "Roboto Medium",
      "fontSize": 40
    }
  },
  {
    "Type": "Text",
    "X": 2.0,
    "Y": 3.0,
    "Scale": 1.2999997,
    "HorizontalFacing": "Left",
    "VerticalFacing": "Up",
    "DisplayText": "Foldy",
    "Background": true,
    "SkeetRect": false,
    "Line": true,
    "Blur": true,
    "BlurStrength": 1.0,
    "Red": 21,
    "Green": 186,
    "Blue": 255,
    "Alpha": 255,
    "Background-Red": 0,
    "Background-Green": 0,
    "Background-Blue": 0,
    "Background-Alpha": 120,
    "Rainbow": "CRainbow",
    "Saturation": 0.9,
    "Brightness": 1.0,
    "Seconds": 2,
    "Line-Distance": 0,
    "Gradient-Amount": 25,
    "Shadow": true,
    "Font": {
      "fontName": "Roboto Medium",
      "fontSize": 40
    }
  },
  {
    "Type": "Target",
    "X": 421.0,
    "Y": 187.0,
    "Scale": 1.0,
    "HorizontalFacing": "Left",
    "VerticalFacing": "Up",
    "Style": "Flux",
    "FadeSpeed": 2.0,
    "Chill-FontSpeed": 0.5,
    "Chill-Healthbar": true,
    "Chill-FadingAnim": true,
    "Blur": false,
    "Blur-Strength": 0.0,
    "TSlide-Animation": true,
    "DisplayWhenChat": true,
    "Rise-Shadow": true,
    "Rise-Shadow-Legacy": true,
    "Rise-Shadow-Head": true,
    "Rise-Shadow-Strength": 3,
    "Rise-Particle": true,
    "Rise-Particle-Fade": true,
    "Rise-Gradient-Amount": 4,
    "Rise-GradientDistance": 50,
    "Rise-ParticleSpeed": 0.05,
    "ParticleFadingSpeed": 0.05,
    "ParticleGenerateAmount": 10,
    "Rise-ParticleRange": 50.0,
    "MinParticleSize": 0.5,
    "MaxParticleSize": 2.5,
    "Exhi-Font": {
      "fontName": "SFUI Regular",
      "fontSize": 35
    },
    "Color": "Custom",
    "Red": 252,
    "Green": 96,
    "Blue": 66,
    "Saturation": 1.0,
    "Brightness": 1.0,
    "Seconds": 2,
    "Background-Red": 0,
    "Background-Green": 0,
    "Background-Blue": 0,
    "Background-Alpha": 160,
    "Liquid-Border-Red": 0,
    "Liquid-Border-Green": 0,
    "Liquid-Border-Blue": 0,
    "Liquid-Border-Alpha": 0
  },
  {
    "Type": "Text",
    "X": 48.0,
    "Y": 4.0,
    "Scale": 1.0,
    "HorizontalFacing": "Left",
    "VerticalFacing": "Up",
    "DisplayText": "HuaYuTing [Lite Edition]",
    "Background": true,
    "SkeetRect": false,
    "Line": true,
    "Blur": true,
    "BlurStrength": 1.0,
    "Red": 255,
    "Green": 255,
    "Blue": 255,
    "Alpha": 255,
    "Background-Red": 0,
    "Background-Green": 0,
    "Background-Blue": 0,
    "Background-Alpha": 120,
    "Rainbow": "Off",
    "Saturation": 0.9,
    "Brightness": 1.0,
    "Seconds": 2,
    "Line-Distance": 0,
    "Gradient-Amount": 25,
    "Shadow": true,
    "Font": {
      "fontName": "Roboto Medium",
      "fontSize": 40
    }
  },
  {
    "Type": "Text",
    "X": 57.0,
    "Y": 16.0,
    "Scale": 0.9,
    "HorizontalFacing": "Left",
    "VerticalFacing": "Up",
    "DisplayText": "QiangXie Bypass 07/30/22",
    "Background": true,
    "SkeetRect": false,
    "Line": false,
    "Blur": true,
    "BlurStrength": 15.365853,
    "Red": 255,
    "Green": 255,
    "Blue": 255,
    "Alpha": 255,
    "Background-Red": 0,
    "Background-Green": 0,
    "Background-Blue": 0,
    "Background-Alpha": 120,
    "Rainbow": "Off",
    "Saturation": 0.9,
    "Brightness": 1.0,
    "Seconds": 2,
    "Line-Distance": 0,
    "Gradient-Amount": 25,
    "Shadow": true,
    "Font": {
      "fontName": "Roboto Medium",
      "fontSize": 40
    }
  },
  {
    "Type": "Armor",
    "X": -8.0,
    "Y": 57.0,
    "Scale": 1.0,
    "HorizontalFacing": "Middle",
    "VerticalFacing": "Down",
    "Alignment": "Horizontal"
  },
  {
    "Type": "Text",
    "X": 198.0,
    "Y": 19.0,
    "Scale": 0.84999996,
    "HorizontalFacing": "Left",
    "VerticalFacing": "Up",
    "DisplayText": "Safe and less lag",
    "Background": true,
    "SkeetRect": false,
    "Line": false,
    "Blur": true,
    "BlurStrength": 1.0,
    "Red": 255,
    "Green": 255,
    "Blue": 255,
    "Alpha": 255,
    "Background-Red": 0,
    "Background-Green": 0,
    "Background-Blue": 0,
    "Background-Alpha": 120,
    "Rainbow": "CRainbow",
    "Saturation": 0.9,
    "Brightness": 1.0,
    "Seconds": 2,
    "Line-Distance": 0,
    "Gradient-Amount": 25,
    "Shadow": true,
    "Font": {
      "fontName": "Roboto Medium",
      "fontSize": 40
    }
  }
]
