{
  "CommandPrefix": ".",
  "ShowRichPresence": true,
  "targets": {
    "TargetPlayer": true,
    "TargetMobs": false,
    "TargetAnimals": false,
    "TargetInvisible": true,
    "TargetDead": false
  },
  "features": {
    "AntiForge": false,
    "AntiForgeFML": false,
    "AntiForgeProxy": false,
    "AntiForgePayloads": false,
    "BungeeSpoof": false,
    "AutoReconnectDelay": 1000
  },
  "thealtening": {
    "API-Key": ""
  },
  "MainMenuParallax": false,
  "Background": {
    "Enabled": true,
    "Particles": false
  },
  "4v4Criticals": {
    "Mode": "Jump"
  },
  "Aimbot": {
    "Range": 50.0,
    "TurnSpeed": 180.0,
    "FOV": 180.0,
    "Center": true,
    "Lock": true,
    "OnClick": false,
    "Jitter": true
  },
  "AirLongJump": {
    "CustomMotionSpike": 33.66,
    "CustomMotionY": 4.02
  },
  "Ambience": {
    "Time-Mode": "Static",
    "Weather-Mode": "Clear",
    "Cycle-Speed": 1,
    "Reverse-Cycle": false,
    "Static-Time": 7200,
    "Rain-Strength": 0.5,
    "Display-Tag": true
  },
  "Animations": {
    "PresetAnimationSword": "Reverse",
    "TransformFirstPersonRotate": "Rotate2",
    "DoBlockTransformationsRotate": "Custom",
    "SwingMethod": "Default",
    "NoSwingMode": "Default",
    "ItemPosX": 0.0,
    "ItemPosY": 0.06,
    "ItemPosZ": 0.0,
    "Scale": 0.32,
    "BlockPosX": 0.0,
    "BlockPosY": 0.0,
    "BlockPosZ": 0.0,
    "CustomRotate1": 0,
    "CustomRotate2": 0,
    "CustomRotate3": 0,
    "RotateItems": false,
    "SpeedRotate": 3.31,
    "SpeedSwing": 11,
    "MCSwordPos": 0.0,
    "FakeBlock": false,
    "Bobbing": 0.3,
    "BlockEverything": false,
    "Container-Animation": "None"
  },
  "AntiBlind": {
    "Confusion": false,
    "Pumpkin": false,
    "Fire": false,
    "Scoreboard": false,
    "Boss-Health": false
  },
  "AntiBot": {
    "Tab": false,
    "TabMode": "Contains",
    "EntityID": false,
    "Color": false,
    "LivingTime": false,
    "LivingTimeTicks": 40,
    "Ground": true,
    "Air": false,
    "InvalidGround": false,
    "Swing": false,
    "Health": false,
    "InvalidHealth": false,
    "MinHealth": 0.0,
    "MaxHealth": 20.0,
    "Derp": false,
    "WasInvisible": false,
    "Armor": false,
    "Ping": false,
    "NeedHit": false,
    "DuplicateInWorld": false,
    "DuplicateInTab": false,
    "ExperimentalNPCDetection": false,
    "IllegalName": false,
    "RemoveFromWorld": false,
    "Remove-Interval": 20,
    "Debug": false
  },
  "AntiFireBall": {
    "Swing": "Normal",
    "Rotation": true
  },
  "AntiVanish": {
    "Notification-Seconds": 30
  },
  "AntiVoid": {
    "Detect-Method": "Predict",
    "SetBack-Mode": "Position",
    "Predict-CheckFallDistance": 20,
    "Predict-MaxFindRange": 6,
    "Illegal-Dupe": 1,
    "Max-FallDistance": 22.95,
    "Reset-FallDistance": true,
    "Render-Trace": true,
    "AutoScaffold": true,
    "NoFly": true
  },
  "AsianHat": {
    "Color": "Custom",
    "Red": 255,
    "Green": 255,
    "Blue": 255,
    "Alpha": 121,
    "EndAlpha": 0,
    "Saturation": 1.0,
    "Brightness": 1.0,
    "Seconds": 10,
    "Color-Space": 100,
    "NoFirstPerson": true,
    "HatBorder": true,
    "BorderAlpha": 255,
    "BorderWidth": 1.0
  },
  "AuthBypass": {
    "Delay": 1500
  },
  "AutoBow": {
    "WaitForBowAimbot": true
  },
  "AutoClicker": {
    "MaxCPS": 10000,
    "MinCPS": 10000,
    "Right": true,
    "Left": true,
    "Jitter": false
  },
  "AutoHypixel": {
    "Delay": 0,
    "Auto-GG": true,
    "GG-Message": "GG",
    "CheckGameMode": true,
    "AntiSnipe": true,
    "Render": true,
    "Mode": "Teams",
    "Solo/Teams-Mode": "Insane",
    "Mega-Mode": "Normal"
  },
  "AutoKit": {
    "Kit-Name": "Armorer",
    "Timeout-After": 40,
    "Edit-Mode": true,
    "Debug": false
  },
  "AutoLogin": {
    "Password": "example@01",
    "Register-Regex": "/register",
    "Login-Regex": "/login",
    "Register-Cmd": "/register %p %p",
    "Login-Cmd": "/login %p",
    "Delay": 5000
  },
  "AutoPlay": {
    "Server": "RedeSky",
    "JoinDelay": 3
  },
  "AutoPot": {
    "Mode": "Floor",
    "Health": 75.0,
    "Delay": 500,
    "Heal": true,
    "Utility": true,
    "Smart": true,
    "InvSpoof": false,
    "InvDelay": 500,
    "Debug": false
  },
  "AutoRespawn": {
    "Instant": true
  },
  "AutoSoup": {
    "Health": 15.0,
    "Delay": 150,
    "OpenInv": false,
    "SimulateInventory": true,
    "Bowl": "Drop"
  },
  "AutoWeapon": {
    "SpoofItem": false,
    "SpoofTicks": 10
  },
  "BanChecker": {
    "Alert": true,
    "ServerCheck": true,
    "Alert-Time": 1
  },
  "Blink": {
    "Pulse": false,
    "C0FCancel": true,
    "PulseDelay": 500
  },
  "BlockESP": {
    "Mode": "2D",
    "Block": 26,
    "Radius": 120,
    "R": 255,
    "G": 255,
    "B": 255,
    "Rainbow": false
  },
  "BlockOverlay": {
    "R": 255,
    "G": 255,
    "B": 255,
    "Rainbow": false,
    "Info": true
  },
  "BowAimbot": {
    "Silent": true,
    "Predict": true,
    "ThroughWalls": false,
    "PredictSize": 2.0,
    "Priority": "Direction",
    "Mark": true
  },
  "BowJump": {
    "Boost": 4.25,
    "Height": 0.42,
    "Timer": 1.0,
    "DelayBeforeArrowLaunch": 1,
    "AutoDisable": true,
    "RenderStatus": true
  },
  "Breadcrumbs": {
    "Unlimited": false,
    "LineWidth": 9.85,
    "R": 255,
    "G": 255,
    "B": 255,
    "Fade-Speed": 4,
    "Rainbow": false
  },
  "Cape": {
    "Style": "Light"
  },
  "Chams": {
    "Targets": true,
    "Chests": true,
    "Items": true,
    "Legacy-Mode": false,
    "Textured": true,
    "Color": "Custom",
    "Behind-Color": "Same",
    "Red": 255,
    "Green": 255,
    "Blue": 255,
    "Alpha": 255,
    "Saturation": 1.0,
    "Brightness": 1.0,
    "Seconds": 2
  },
  "ChestAura": {
    "Range": 6.0,
    "Delay": 50,
    "ThroughWalls": true,
    "VisualSwing": true,
    "Chest": 54,
    "Rotations": true
  },
  "ChestStealer": {
    "MaxDelay": 0,
    "MinDelay": 0,
    "OnEvent": "Render3D",
    "TakeRandomized": false,
    "OnlyItems": false,
    "NoCompass": false,
    "AutoClose": true,
    "SilentMode": true,
    "Silent-ShowString": false,
    "Silent-StillDisplay": false,
    "AutoCloseMaxDelay": 0,
    "AutoCloseMinDelay": 0,
    "CloseOnFull": false,
    "ChestTitle": false
  },
  "Circle": {
    "Red": 255,
    "Green": 255,
    "Blue": 255,
    "Alpha": 155
  },
  "ClickGUI": {
    "Style": "White",
    "Scale": 0.6,
    "MaxElements": 11,
    "Color": "Mixer",
    "Red": 0,
    "Green": 160,
    "Blue": 255,
    "Saturation": 1.0,
    "Brightness": 1.0,
    "Seconds": 2,
    "Background": "None",
    "Animation": "Azura"
  },
  "Clip": {
    "Mode": "Flag",
    "Horizontal": 10.0,
    "Vertical": 10.0
  },
  "ColorMixer": {
    "Mixer-Amount": 9,
    "Color1-Red": 255,
    "Color1-Green": 255,
    "Color1-Blue": 255,
    "Color2-Red": 255,
    "Color2-Green": 255,
    "Color2-Blue": 255,
    "Color3-Red": 255,
    "Color3-Green": 255,
    "Color3-Blue": 255,
    "Color4-Red": 255,
    "Color4-Green": 255,
    "Color4-Blue": 255,
    "Color5-Red": 255,
    "Color5-Green": 255,
    "Color5-Blue": 255,
    "Color6-Red": 255,
    "Color6-Green": 255,
    "Color6-Blue": 255,
    "Color7-Red": 255,
    "Color7-Green": 255,
    "Color7-Blue": 255,
    "Color8-Red": 255,
    "Color8-Green": 255,
    "Color8-Blue": 255,
    "Color9-Red": 255,
    "Color9-Green": 255,
    "Color9-Blue": 255,
    "Color10-Red": 255,
    "Color10-Green": 255,
    "Color10-Blue": 255
  },
  "ConsoleSpammer": {
    "Mode": "MineSecure",
    "Delay": 0
  },
  "Criticals": {
    "Mode": "Edit",
    "Delay": 0,
    "JumpHeight": 0.1,
    "DownY": 0.0,
    "HurtTime": 10,
    "OnlyAura": false
  },
  "Crosshair": {
    "Color": "Custom",
    "Red": 255,
    "Green": 255,
    "Blue": 255,
    "Alpha": 255,
    "Saturation": 1.0,
    "Brightness": 1.0,
    "Seconds": 2,
    "Width": 2.0,
    "Size/Length": 1.3,
    "Gap": 5.31,
    "Dynamic": true,
    "HitMarker": true,
    "NoVanillaCrossHair": true
  },
  "CustomDisabler": {
    "Transactions": true,
    "KeepAlive": true,
    "Transactions-DelayMode": "BusSize",
    "KeepAlive-DelayMode": "BusSize",
    "Transactions-SendMethod": "FlushAll",
    "KeepAlive-SendMethod": "FlushAll",
    "Transactions-PlayerTick-Delay": 1,
    "Transactions-SystemTick-MinDelay": 0,
    "Transactions-SystemTick-MaxDelay": 0,
    "KeepAlive-PlayerTick-Delay": 1,
    "KeepAlive-SystemTick-MinDelay": 0,
    "KeepAlive-SystemTick-MaxDelay": 0,
    "Transactions-Poll-MinAmount": 300,
    "Transactions-Poll-MaxAmount": 300,
    "KeepAlive-Poll-MinAmount": 300,
    "KeepAlive-Poll-MaxAmount": 300,
    "Transactions-MinBusSize": 300,
    "KeepAlive-MinBusSize": 300,
    "Transactions-DupeAmount": 100,
    "KeepAlive-DupeAmount": 100,
    "Clear-Transactions-After-Send": true,
    "Clear-Alive-After-Send": true,
    "Flush-When-Disable": true,
    "Debug": false
  },
  "DamageParticle": {
    "AliveTicks": 20,
    "Size": 3,
    "CustomColor": false,
    "Red": 255,
    "Green": 255,
    "Blue": 255
  },
  "Disabler": {
    "Mode": "OldGhostly",
    "PingSpoof-MinDelay": 10000,
    "PingSpoof-MaxDelay": 10000,
    "PingSpoof-StartSendMode": "All",
    "PingSpoof-SendMode": "First",
    "PingSpoof-WorldDelay": 30000,
    "Flag-Mode": "Packet",
    "Flag-TickDelay": 1,
    "Flag-SilentMode": true,
    "Matrix-NoModuleCheck": true,
    "Matrix-MoveFix": true,
    "Matrix-MoveOnly": false,
    "Matrix-NoMovePacket": true,
    "Matrix-HotbarChange": true,
    "Verus-Flag": false,
    "Verus-SlientFlagApply": true,
    "Verus-QueueActiveSize": 1000,
    "Verus-PurseDelay": 0,
    "Verus-FlagDelay": 40,
    "Verus-QueueCheck": true,
    "Verus-AntiFly": true,
    "Verus-FakeInput": true,
    "Verus-ValidPosition": true,
    "Verus-ExpectFlag": true,
    "Render-ServerSide": false,
    "BanAlert": true,
    "RotationModifier": true,
    "Tifality": true,
    "NoC03s": true,
    "PingSpoof": true,
    "Delay": 649,
    "InvValidate": false,
    "Debug": true
  },
  "ESP": {
    "Mode": "Box",
    "2D-CSGOStyle": true,
    "2D-ShowHealth": true,
    "2D-ShowHeldItem": true,
    "2D-ShowEntityName": true,
    "2D-Outline": true,
    "Outline-Width": 3.0,
    "WireFrame-Width": 3.3,
    "ShaderOutline-Radius": 1.35,
    "ShaderGlow-Radius": 2.3,
    "Color": "Custom",
    "Red": 255,
    "Green": 255,
    "Blue": 255,
    "Saturation": 1.0,
    "Brightness": 1.0,
    "Seconds": 10,
    "Team": true
  },
  "ESP2D": {
    "Outline": false,
    "Mode": "Box",
    "Health-bar": false,
    "Armor-bar": false,
    "Details": true,
    "Tags": true,
    "Item-Tags": false,
    "Use-Clear-Name": false,
    "Render-Absorption": true,
    "Local-Player": true,
    "Dropped-Items": true,
    "Color": "Rainbow",
    "Red": 255,
    "Green": 255,
    "Blue": 255,
    "Saturation": 1.0,
    "Brightness": 1.0,
    "Seconds": 1,
    "Font-Scale": 0.47,
    "Team": true
  },
  "EnchantEffect": {
    "Red": 0,
    "Green": 0,
    "Blue": 0,
    "Mode": "Custom",
    "Seconds": 6,
    "Delay": 10,
    "Saturation": 0.0,
    "Brightness": 0.0
  },
  "FakeLag": {
    "Mode": "All",
    "MoveOnly": true,
    "MinDelay": 0,
    "MaxDelay": 0,
    "Debug": true
  },
  "FastBow": {
    "Packets": 20,
    "Delay": 0
  },
  "FastBreak": {
    "BreakDamage": 0.75
  },
  "FastClimb": {
    "Mode": "SAAC3.1.2",
    "UpSpeed": 10.0,
    "DownSpeed": 9.86,
    "Timer": 10.0,
    "SpartanTimerBoost": false
  },
  "FastPlace": {
    "Speed": 0
  },
  "FastStairs": {
    "Mode": "AAC3.1.0",
    "LongJump": true
  },
  "FastUse": {
    "Mode": "Instant",
    "NoMove": true,
    "CustomDelay": 0,
    "CustomSpeed": 0,
    "CustomTimer": 1.48
  },
  "Fly": {
    "Mode": "Motion",
    "Speed": 5.0,
    "V-Speed": 1.86,
    "Y-Motion": 0.46,
    "KickBypass": true,
    "GroundSpoof": false,
    "NCPMotion": 0.02,
    "Verus-DamageMode": "None",
    "Verus-BoostMode": "Gradual",
    "Verus-ReDamage": true,
    "Verus-ReDamage-Ticks": 20,
    "Verus-VisualPos": true,
    "Verus-VisualHeight": 0.42,
    "Verus-Speed": 5.0,
    "Verus-Timer": 1.0,
    "Verus-Ticks": 20,
    "Verus-SpoofGround": true,
    "AAC5-NoClip": true,
    "AAC5-NoFall": false,
    "AAC5-UseC04": false,
    "AAC5-Packet": "Original",
    "AAC5-Purse": 7,
    "Clip-DelayTick": 1,
    "Clip-Horizontal": 0.2,
    "Clip-Vertical": 0.0,
    "Clip-MotionY": 0.0,
    "Clip-Timer": 1.22,
    "Clip-GroundSpoof": false,
    "Clip-CollisionCheck": false,
    "Clip-NoMove": true,
    "FakeSprinting": false,
    "FakeNoMove": true,
    "PulsiveTroll": false,
    "FakeDamage": false,
    "Bobbing": false,
    "BobbingAmount": 1.0,
    "Mark": true
  },
  "FreeCam": {
    "Speed": 2.0,
    "Fly": true,
    "NoClip": true
  },
  "Fucker": {
    "Block": 26,
    "Render-Mode": "Outline",
    "ThroughWalls": "None",
    "Range": 3.94,
    "Action": "Destroy",
    "Instant": false,
    "SwitchDelay": 0,
    "Cooldown-Seconds": 0,
    "Swing": true,
    "Rotations": true,
    "Surroundings": false,
    "NoAura": true,
    "ResetCoolDownWhenToggled": false
  },
  "Fullbright": {
    "Mode": "Gamma"
  },
  "Gapple": {
    "Mode": "Auto",
    "Health": 10.31,
    "Delay": 1000,
    "NoAbsorption": false
  },
  "Getname AquaVit": {
    "NHPSetting": "32/64",
    "NHP": true
  },
  "GhostHand": {
    "Block": 23
  },
  "GuiMove": {
    "NoDetectable": false,
    "AACAdditionPro": false,
    "NoMoveClicks": false
  },
  "HUD": {
    "Tab-HeadOverlay": true,
    "AnimatedHotbar": true,
    "BlackHotbar": true,
    "InventoryParticle": true,
    "FontChat": false,
    "Font": {
      "fontName": "Roboto Medium",
      "fontSize": 40
    },
    "ChatRect": false,
    "ChatCombine": true,
    "ChatAnimation": true,
    "Chat-AnimationSpeed": 0.01,
    "DisplayToggleMessage": true,
    "ToggleSound": "Custom",
    "ToggleVolume": 100,
    "Container-Background": true,
    "InvEffect-Offset": true,
    "Scoreboard-Domain": ".hud scoreboard-domain \u003cyour domain here\u003e"
  },
  "Heal": {
    "HealthPercent": 98.88,
    "MinDelay": 341,
    "MaxDelay": 341,
    "RegenSec": 5.0,
    "GroundCheck": true,
    "VoidCheck": true,
    "WaitRegen": false,
    "InvCheck": true,
    "AbsorpCheck": true
  },
  "HighJump": {
    "Height": 2.0,
    "Mode": "Vanilla",
    "OnlyGlassPane": false
  },
  "HitBox": {
    "Size": 1.2310212E32
  },
  "InvManager": {
    "MaxDelay": 600,
    "MinDelay": 400,
    "OnEvent": "Update",
    "InvOpen": false,
    "InvSpoof": true,
    "InvSpoof-Old": false,
    "WearArmors": true,
    "NoMove": false,
    "Hotbar": true,
    "RandomSlot": false,
    "Sort": true,
    "ItemDelay": 0,
    "IgnoreVehicles": false,
    "OnlyPositivePotion": false,
    "NBTGoal": "NONE",
    "NBTItemNotGarbage": true,
    "NBTArmorPriority": 0.0,
    "NBTWeaponPriority": 0.0,
    "SortSlot-1": "Sword",
    "SortSlot-2": "Gapple",
    "SortSlot-3": "Potion",
    "SortSlot-4": "Pickaxe",
    "SortSlot-5": "Axe",
    "SortSlot-6": "None",
    "SortSlot-7": "Block",
    "SortSlot-8": "Pearl",
    "SortSlot-9": "Food"
  },
  "ItemESP": {
    "Mode": "Box",
    "R": 255,
    "G": 255,
    "B": 255,
    "Rainbow": false
  },
  "ItemPhysics": {
    "Weight": 1.0
  },
  "ItemTeleport": {
    "Mode": "Old",
    "ResetAfterTP": true,
    "Button": "Middle"
  },
  "KillAura": {
    "MaxCPS": 9,
    "MinCPS": 7,
    "HurtTime": 10,
    "Range": 4.5,
    "ThroughWallsRange": 0.0,
    "RangeSprintReducement": 0.0,
    "RotationMode": "Vanilla",
    "MaxSpinSpeed": 180.0,
    "MinSpinSpeed": 180.0,
    "NoSendRotation": true,
    "NoHitCheck": true,
    "Priority": "Health",
    "TargetMode": "Switch",
    "SwitchDelay": 2000,
    "Swing": true,
    "KeepSprint": true,
    "AutoBlock": "OldHypixel",
    "Open-AutoBlock-Settings": true,
    "InteractAutoBlock": true,
    "VerusAutoBlock": false,
    "AutoBlockThroughWalls": false,
    "SmartAutoBlock": false,
    "SmartAutoBlock-ItemCheck": true,
    "SmartAutoBlock-FacingCheck": true,
    "SmartAB-Range": 3.5,
    "SmartAB-Toleration": 0.0,
    "AfterTickPatch": true,
    "BlockRate": 100,
    "RayCast": true,
    "RayCastIgnored": true,
    "LivingRayCast": true,
    "AAC": true,
    "MaxTurnSpeed": 180.0,
    "MinTurnSpeed": 180.0,
    "SilentRotation": true,
    "Strafe": "Silent",
    "FOV": 180.0,
    "Predict": true,
    "MaxPredictSize": 0.99,
    "MinPredictSize": 0.99,
    "RandomCenter": true,
    "NewCalc": true,
    "MinMultiply": 2.0,
    "MaxMultiply": 2.0,
    "Outborder": true,
    "FailRate": 0.0,
    "FakeSwing": true,
    "NoInvAttack": false,
    "NoInvDelay": 0,
    "LimitedMultiTargets": 0,
    "NoScaffold": false,
    "Debug": true,
    "Circle": true,
    "Accuracy": 59,
    "FakeSharp": true,
    "Red": 0,
    "Green": 0,
    "Blue": 0,
    "Alpha": 0
  },
  "Lightning": {
    "Chat": true,
    "Notification": true
  },
  "LiquidWalk": {
    "Mode": "AAC4.2.1",
    "NoJump": false,
    "AACFlyMotion": 0.1
  },
  "LongJump": {
    "Mode": "InfiniteRedesky",
    "AutoJump": true,
    "NCPBoost": 1.0,
    "Redesky-TimerBoost": false,
    "Redesky-GlideAfterTicks": true,
    "Redesky-Ticks": 4,
    "Redesky-YMultiplier": 1.0,
    "Redesky-XZMultiplier": 1.0,
    "Redesky-TimerBoostStart": 0.75,
    "Redesky-TimerBoostEnd": 0.81,
    "Redesky-TimerBoost-SlowDownSpeed": 1,
    "VerusDmg-DamageMode": "InstantC06",
    "VerusDmg-Boost": 4.25,
    "VerusDmg-Height": 0.42,
    "VerusDmg-Timer": 1.0,
    "Pearl-Boost": 4.25,
    "Pearl-Height": 0.42,
    "Pearl-Timer": 1.0,
    "Damage-Boost": 4.25,
    "Damage-Height": 0.42,
    "Damage-Timer": 1.0,
    "Damage-NoMove": true,
    "Damage-AutoReset": true
  },
  "NameProtect": {
    "FakeName": "\u0026cMe",
    "AllPlayersFakeName": "Censored",
    "Yourself": true,
    "Tag": false,
    "AllPlayers": false,
    "SkinProtect": true
  },
  "NameTags": {
    "Health": true,
    "Bar": true,
    "Ping": true,
    "Distance": false,
    "Armor": true,
    "Potions": false,
    "ClearNames": false,
    "Font": {
      "fontName": "Minecraft Font",
      "fontSize": -1
    },
    "Border": true,
    "Background-R": 0,
    "Background-G": 0,
    "Background-B": 0,
    "Background-Alpha": 0,
    "Border-R": 0,
    "Border-G": 0,
    "Border-B": 0,
    "Border-Alpha": 0,
    "Scale": 1.12
  },
  "NoFOV": {
    "FOV": 1.04
  },
  "NoFall": {
    "Mode": "Edit",
    "MinMLGHeight": 2.0,
    "Void-Check": false
  },
  "NoFucker": {
    "BedESP": false,
    "Red": 108,
    "Green": 255,
    "Blue": 255,
    "Alpha": 255,
    "ESPSetting": "Box"
  },
  "NoRender": {
    "All": false,
    "NameTags": true,
    "Items": true,
    "Players": true,
    "Mobs": true,
    "Animals": true,
    "ArmorStand": true,
    "AutoReset": true,
    "MaxRenderRange": 15.83
  },
  "NoRotateSet": {
    "Confirm": false,
    "ConfirmIllegalRotation": false,
    "NoZero": false
  },
  "NoSlow": {
    "PacketMode": "Custom",
    "BlockForwardMultiplier": 1.0,
    "BlockStrafeMultiplier": 1.0,
    "ConsumeForwardMultiplier": 0.2,
    "ConsumeStrafeMultiplier": 0.2,
    "BowForwardMultiplier": 1.0,
    "BowStrafeMultiplier": 1.0,
    "CustomOnGround": false,
    "CustomDelay": 10,
    "SendPacket": false,
    "Debug": false,
    "Soulsand": true,
    "LiquidPush": true
  },
  "NoSlowBreak": {
    "Air": true,
    "Water": false
  },
  "NoWeb": {
    "Mode": "AACv4",
    "HorizonSpeed": 0.8
  },
  "PacketFixer": {
    "Blink3Y": true,
    "Timer3A": true,
    "Scaffold14D": true,
    "Scaffold14E": true,
    "Fly4I": true,
    "Fly4C": true
  },
  "Patcher": {
    "BetterVanillaFontRenderer": true,
    "BVFR-StringCache": true,
    "KeepShadersOnPerspectiveChange": true,
    "OptimizedWorldSnapping": true,
    "BatchModelRendering": true,
    "LabyMod-Moment": true,
    "LowAnimationTick": true,
    "ChatPosition1.12": true,
    "SilentNPE-SpawnPlayer": true
  },
  "Performance": {
    "StaticParticleColor": true,
    "FastEntityLightning": true,
    "FastBlockLightning": true
  },
  "Phase": {
    "Mode": "AACv4"
  },
  "PingSpoof": {
    "MaxDelay": 1764,
    "MinDelay": 1764
  },
  "PointerESP": {
    "Mode": "Line",
    "Red": 255,
    "Green": 255,
    "Blue": 255,
    "Alpha": 255,
    "Size": 50,
    "TriangleRadius": 4.33,
    "NoEntityInView": true
  },
  "Projectiles": {
    "Color": "Custom",
    "R": 255,
    "G": 255,
    "B": 255
  },
  "Reach": {
    "CombatReach": 6.9,
    "BuildReach": 6.94
  },
  "Regen": {
    "Mode": "Vanilla",
    "Health": 20,
    "Food": 20,
    "Speed": 200,
    "NoAir": false,
    "PotionEffect": true
  },
  "ReverseStep": {
    "Motion": 0.21
  },
  "Rotations": {
    "Mode": "Head"
  },
  "SafeWalk": {
    "AirSafe": true
  },
  "Scaffold": {
    "EnableTower": true,
    "TowerMode": "Jump",
    "Tower-PlaceTiming": "Post",
    "StopWhenBlockAbove": false,
    "OnJump": true,
    "NoMove": false,
    "TowerTimer": 1.0,
    "JumpMotion": 0.4,
    "JumpDelay": 0,
    "ConstantMotion": 0.42,
    "ConstantMotionJumpGround": 0.78,
    "TeleportHeight": 1.15,
    "TeleportDelay": 0,
    "TeleportGround": true,
    "TeleportNoMotion": false,
    "Mode": "Normal",
    "PlaceableDelay": false,
    "MaxDelay": 0,
    "MinDelay": 0,
    "SmartDelay": true,
    "AutoBlock": "Spoof",
    "StayAutoBlock": true,
    "SprintMode": "Off",
    "Swing": false,
    "Down": false,
    "Search": true,
    "PlaceTiming": "Post",
    "Eagle": false,
    "EagleSilent": false,
    "BlocksToEagle": 0,
    "EagleEdgeDistance": 0.2,
    "ExpandLength": 1,
    "Rotations": false,
    "NoHitCheck": true,
    "RotationMode": "AAC",
    "MaxTurnSpeed": 180.0,
    "MinTurnSpeed": 180.0,
    "Static-Pitch": 84.68,
    "Custom-Yaw": 180.0,
    "Custom-Pitch": 65.45,
    "KeepRotation": false,
    "KeepRotationLength": 0,
    "Place-Condition": "Always",
    "RotationStrafe": false,
    "Zitter": false,
    "ZitterMode": "Teleport",
    "ZitterSpeed": 0.13,
    "ZitterStrength": 0.05,
    "ZitterDelay": 100,
    "Timer": 1.0,
    "SpeedModifier": 1.0,
    "XZ-Multiplier": 1.0,
    "CustomSpeed": false,
    "CustomMoveSpeed": 0.16,
    "SameY": false,
    "AutoJump": true,
    "SmartSpeed": true,
    "SafeWalk": true,
    "AirSafe": false,
    "AutoDisable-Speed": false,
    "Counter": "Sigma",
    "Mark": true,
    "Red": 255,
    "Green": 255,
    "Blue": 255,
    "Alpha": 120,
    "Blur-Advanced": false,
    "Blur-Strength": 1.0
  },
  "ServerCrasher": {
    "Mode": "CommandComplete",
    "PacketAmount": 1000
  },
  "Skeletal": {
    "Red": 255,
    "Green": 255,
    "Blue": 255,
    "SmoothLines": true
  },
  "SlimeJump": {
    "Motion": 1.0,
    "Mode": "Add"
  },
  "Sneak": {
    "Mode": "Switch",
    "StopMove": false
  },
  "Spammer": {
    "MaxDelay": 1000,
    "MinDelay": 500,
    "Message": "LiquidBounce+ Client | liquidbounce(.net) | CCBlueX on yt",
    "Custom": false
  },
  "Speed": {
    "Type": "AAC",
    "NCP-Mode": "BHop",
    "AAC-Mode": "4Hop",
    "Hypixel-Mode": "Boost",
    "Other-Mode": "Jump",
    "Verus-Mode": "LowHop",
    "ModifySprinting": true,
    "Verus-Timer": 0.1,
    "CustomSpeed": 0.2,
    "CustomLaunchSpeed": 0.2,
    "CustomAddYMotion": 0.0,
    "CustomY": 0.0,
    "CustomUpTimer": 1.3,
    "CustomDownTimer": 1.32,
    "CustomStrafe": "Non-Strafe",
    "CustomGroundStay": 0,
    "CustomGroundResetXZ": true,
    "CustomResetXZ": false,
    "CustomResetY": false,
    "CustomDoLaunchSpeed": false,
    "JumpStrafe": true,
    "SendJump": false,
    "ReCalculate": false,
    "GlideStrength": 0.03,
    "MoveSpeed": 1.47,
    "JumpY": 0.42,
    "BaseMultiplier": 1.0,
    "BaseTimer": 1.5,
    "BaseMultiplierTimer": 1.0,
    "BypassWarning": true,
    "AAC-PortLength": 1.0,
    "AACGround-Timer": 1.1
  },
  "SpinBot": {
    "Yaw": "Static",
    "Pitch": "Static",
    "YawSet": 180,
    "PitchSet": -180,
    "YawJitterTimer": 1,
    "PitchJitterTimer": 1,
    "YawSpin": 50
  },
  "Sprint": {
    "AllDirections": false,
    "AllDirections-NoPacketsPatch": true,
    "AllDirections-MoveDirPatch": false,
    "MoveDirPatch-JumpOnly": true,
    "Blindness": true,
    "Food": true,
    "CheckServerSide": false,
    "CheckServerSideOnlyGround": false
  },
  "Step": {
    "Mode": "Jump",
    "Height": 0.5,
    "Timer": 0.3,
    "JumpHeight": 0.42,
    "Delay": 0
  },
  "StorageESP": {
    "Mode": "Box",
    "Chest": true,
    "EnderChest": true,
    "Furnace": true,
    "Dispenser": true,
    "Hopper": true
  },
  "Strafe": {
    "Strength": 1.0,
    "NoMoveStop": false,
    "OnGroundStrafe": true,
    "AllDirectionsJump": true
  },
  "SuperKnockback": {
    "HurtTime": 10,
    "Mode": "WTap",
    "Delay": 0
  },
  "TNTBlock": {
    "Fuse": 10,
    "Range": 9.0,
    "AutoSword": true
  },
  "TargetMark": {
    "Mode": "Default",
    "Color": "Custom",
    "Red": 255,
    "Green": 255,
    "Blue": 255,
    "Alpha": 255,
    "JelloEndAlphaPercent": 1.0,
    "JelloCircleWidth": 5.0,
    "JelloGradientHeight": 3.0,
    "JelloFadeSpeed": 0.1,
    "Saturation": 1.0,
    "Brightness": 1.0,
    "Seconds": 2,
    "MoveMarkY": 0.6,
    "Thickness": 1.0,
    "Team": false
  },
  "TargetStrafe": {
    "Radius": 2.0,
    "Render": true,
    "Always-Render": true,
    "KeyMode": "None",
    "SafeWalk": true,
    "ThirdPerson": true,
    "Color": "Custom",
    "Red": 255,
    "Green": 255,
    "Blue": 255,
    "Saturation": 0.7,
    "Brightness": 1.0,
    "Mixer-Seconds": 2,
    "Accuracy": 0,
    "Thickness": 1.0,
    "Outline": true,
    "ExperimentalSpeed": false
  },
  "Teams": {
    "ScoreboardTeam": true,
    "Color": true,
    "GommeSW": false,
    "ArmorColor": false,
    "ArmorIndex": 3
  },
  "Teleport": {
    "IgnoreNoCollision": false,
    "Mode": "Blink",
    "Button": "Middle",
    "RequireSneak": false
  },
  "TeleportAura": {
    "APS": 2,
    "MaxTargets": 1,
    "Range": 94,
    "MaxMoveSpeed": 2.0,
    "Swing": "Normal",
    "NoStandingPackets": false,
    "NoKillAura": true,
    "Render": "Lines",
    "Priority": "LivingTime"
  },
  "Timer": {
    "Speed": 1.06,
    "OnMove": true,
    "AutoDisable": false
  },
  "Tracers": {
    "Color": "Custom",
    "Thickness": 2.0,
    "R": 0,
    "G": 160,
    "B": 255
  },
  "TrueSight": {
    "Barriers": true,
    "Entities": true
  },
  "Velocity": {
    "Horizontal": -1.0,
    "Vertical": -1.0,
    "HorizontalExplosion": 1.0,
    "VerticalExplosion": 1.0,
    "Mode": "AEMine",
    "AAC5.2.0-Attack-Only": false,
    "Reduce-Chance": 100.0,
    "ReverseStrength": 1.0,
    "SmoothReverseStrength": 0.1,
    "AACPushXZReducer": 3.0,
    "AACPushYReducer": false,
    "LegitStrafe": false,
    "LegitFace": false,
    "AACStrafeValue": false,
    "Phase-Offset": -10.0
  },
  "WallClimb": {
    "Mode": "Simple",
    "ClipMode": "Fast",
    "CheckerClimbMotion": 0.21,
    "VerusClimbSpeed": 0.0
  },
  "WaterSpeed": {
    "Speed": 1.1
  }
}
