[
  {
    "Type": "Scoreboard",
    "X": 5.0,
    "Y": 0.0,
    "Scale": 1.0,
    "HorizontalFacing": "Right",
    "VerticalFacing": "Middle",
    "Text-R": 255,
    "Text-G": 255,
    "Text-B": 255,
    "Background-R": 0,
    "Background-G": 0,
    "Background-B": 0,
    "Background-Alpha": 95,
    "Rect": false,
    "Rect-Color": "Custom",
    "Rect-R": 0,
    "Rect-G": 111,
    "Rect-B": 255,
    "Rect-Alpha": 255,
    "Shadow": false,
    "Font": {
      "fontName": "Minecraft Font",
      "fontSize": -1
    }
  },
  {
    "Type": "Armor",
    "X": -8.0,
    "Y": 57.0,
    "Scale": 0.95,
    "HorizontalFacing": "Middle",
    "VerticalFacing": "Down",
    "Alignment": "Horizontal"
  },
  {
    "Type": "Text",
    "X": 913.0,
    "Y": 489.0,
    "Scale": 1.0,
    "HorizontalFacing": "Left",
    "VerticalFacing": "Up",
    "DisplayText": "Deadstar",
    "RectMode": "Line",
    "Text-Color": "Fade",
    "Red": 255,
    "Green": 255,
    "Blue": 255,
    "R2": 0,
    "G2": 111,
    "B2": 255,
    "Background-Red": 0,
    "Background-Green": 0,
    "Background-Blue": 0,
    "Background-Alpha": 120,
    "Amount": 25,
    "GidentSpeed": 100,
    "Distance": 0,
    "Rainbow-X": -1000.0,
    "Rainbow-Y": -1000.0,
    "Shadow": true,
    "Font": {
      "fontName": "Roboto Medium",
      "fontSize": 40
    }
  },
  {
    "Type": "Arraylist",
    "X": 0.0,
    "Y": 1.0,
    "Scale": 1.0,
    "HorizontalFacing": "Right",
    "VerticalFacing": "Up",
    "BRainbowSpeed": 90,
    "BRainbow-Saturation": 1.0,
    "BRainbow-Brightness": 1.0,
    "BRainbow-R": 0,
    "BRainbow-B": 50,
    "BRainbow-G": 50,
    "Rainbow-X": -1000.0,
    "Rainbow-Y": -1000.0,
    "Text-Color": "Custom",
    "Text-R": 219,
    "Text-G": 219,
    "Text-B": 219,
    "R2": 0,
    "G2": 111,
    "B2": 255,
    "GidentSpeed": 100,
    "TwoRainbow": 1.0,
    "Rect-Color": "Rainbow",
    "Rect-R": 255,
    "Rect-G": 255,
    "Rect-B": 255,
    "Rect-Alpha": 255,
    "Random-Saturation": 0.9,
    "Random-Brightness": 1.0,
    "Tags": true,
    "ShadowText": false,
    "Background-Color": "Custom",
    "Background-R": 0,
    "Background-G": 0,
    "Background-B": 0,
    "Background-Alpha": 99,
    "BackGroundWidth": 2,
    "Rect": "None",
    "UpperCase": false,
    "Space": 0.0,
    "TextHeight": 12.645162,
    "TextY": 3.2258062,
    "TagsArrayColor": false,
    "NameBreak": false,
    "Font": {
      "fontName": "Roboto Medium",
      "fontSize": 35
    }
  }
]
