[
  {
    "Type": "Armor",
    "X": -29.0,
    "Y": 55.0,
    "Scale": 0.84999996,
    "HorizontalFacing": "Middle",
    "VerticalFacing": "Down",
    "Alignment": "Vertical"
  },
  {
    "Type": "Effects",
    "X": 2.0,
    "Y": 12.0,
    "Scale": 1.0,
    "HorizontalFacing": "Right",
    "VerticalFacing": "Down",
    "Font": {
      "fontName": "Roboto Medium",
      "fontSize": 35
    },
    "Shadow": true
  },
  {
    "Type": "Notifications",
    "X": -1.0,
    "Y": 26.0,
    "Scale": 1.0,
    "HorizontalFacing": "Right",
    "VerticalFacing": "Down"
  },
  {
    "Type": "Arraylist",
    "X": -1.0,
    "Y": -1.0,
    "Scale": 1.0,
    "HorizontalFacing": "Right",
    "VerticalFacing": "Up",
    "BRainbowSpeed": 56,
    "BRainbow-Saturation": 0.6458333,
    "BRainbow-Brightness": 0.46875,
    "BRainbow-R": 114,
    "BRainbow-B": 27,
    "BRainbow-G": 50,
    "Rainbow-X": -1000.0,
    "Rainbow-Y": -1000.0,
    "Text-Color": "Rainbow",
    "Text-R": 100,
    "Text-G": 111,
    "Text-B": 255,
    "TwoRainbow": 0.25,
    "Rect-Color": "Custom",
    "Rect-R": 255,
    "Rect-G": 255,
    "Rect-B": 79,
    "Rect-Alpha": 255,
    "Random-Saturation": 0.9,
    "Random-Brightness": 1.0,
    "Tags": true,
    "ShadowText": true,
    "Background-Color": "Custom",
    "Background-R": 0,
    "Background-G": 0,
    "Background-B": 114,
    "Background-Alpha": 0,
    "BackGroundWidth": 2,
    "Rect": "None",
    "UpperCase": false,
    "Space": 0.0,
    "TextHeight": 10.697917,
    "TextY": 2.7083335,
    "TagsArrayColor": true,
    "NameBreak": true,
    "Font": {
      "fontName": "Roboto Medium",
      "fontSize": 40
    }
  },
  {
    "Type": "Scoreboard",
    "X": 5.0,
    "Y": 0.0,
    "Scale": 1.0,
    "HorizontalFacing": "Right",
    "VerticalFacing": "Middle",
    "Text-R": 255,
    "Text-G": 255,
    "Text-B": 255,
    "Background-R": 0,
    "Background-G": 0,
    "Background-B": 0,
    "Background-Alpha": 95,
    "Rect": false,
    "Rect-Color": "Custom",
    "Rect-R": 0,
    "Rect-G": 111,
    "Rect-B": 255,
    "Rect-Alpha": 255,
    "Shadow": false,
    "Font": {
      "fontName": "Minecraft Font",
      "fontSize": -1
    }
  },
  {
    "Type": "Text",
    "X": 250.0,
    "Y": 48.0,
    "Scale": 1.0,
    "HorizontalFacing": "Middle",
    "VerticalFacing": "Up",
    "DisplayText": "SLA4v4|V6",
    "Red": 167,
    "Green": 108,
    "Blue": 52,
    "Rainbow": false,
    "Rainbow-X": 634.1465,
    "Rainbow-Y": -975.60974,
    "Shadow": false,
    "Outline": false,
    "Rect": false,
    "OneTapRect": false,
    "SkeetRect": false,
    "OnlyWhtie": false,
    "Font": {
      "fontName": "Roboto Bold",
      "fontSize": 180
    }
  }
]
