{
  "Movement": {
    "open": true,
    "visible": true,
    "posX": 689,
    "posY": 78,
    "AirJump": {
      "Settings": false
    },
    "AirLadder": {
      "Settings": false
    },
    "AutoWalk": {
      "Settings": false
    },
    "BlockWalk": {
      "Settings": false
    },
    "BufferSpeed": {
      "Settings": false
    },
    "BugUp": {
      "Settings": false
    },
    "FastClimb": {
      "Settings": false
    },
    "FastStairs": {
      "Settings": false
    },
    "Fly": {
      "Settings": false
    },
    "Freeze": {
      "Settings": false
    },
    "GuiMove": {
      "Settings": false
    },
    "HighJump": {
      "Settings": false
    },
    "IceSpeed": {
      "Settings": false
    },
    "LadderJump": {
      "Settings": false
    },
    "LiquidWalk": {
      "Settings": false
    },
    "LongJump": {
      "Settings": false
    },
    "NoClip": {
      "Settings": false
    },
    "NoJumpDelay": {
      "Settings": false
    },
    "NoSlowDown": {
      "Settings": false
    },
    "NoWeb": {
      "Settings": false
    },
    "Parkour": {
      "Settings": false
    },
    "PerfectHorseJump": {
      "Settings": false
    },
    "ReverseStep": {
      "Settings": false
    },
    "SafeWalk": {
      "Settings": false
    },
    "SlimeJump": {
      "Settings": false
    },
    "Sneak": {
      "Settings": false
    },
    "Speed": {
      "Settings": false
    },
    "Sprint": {
      "Settings": false
    },
    "SprintFix": {
      "Settings": false
    },
    "Step": {
      "Settings": false
    },
    "Strafe": {
      "Settings": false
    },
    "TargetStrafe": {
      "Settings": true
    },
    "VulcanFly": {
      "Settings": false
    },
    "VulcanFly2": {
      "Settings": false
    },
    "WallClimb": {
      "Settings": false
    },
    "WaterSpeed": {
      "Settings": false
    }
  },
  "Fun": {
    "open": true,
    "visible": true,
    "posX": 43,
    "posY": 269,
    "Derp": {
      "Settings": false
    },
    "MemoryFix": {
      "Settings": false
    },
    "SkinDerp": {
      "Settings": false
    }
  },
  "Player": {
    "open": false,
    "visible": true,
    "posX": 421,
    "posY": 54,
    "AntiAFK": {
      "Settings": false
    },
    "AntiCactus": {
      "Settings": false
    },
    "AntiVoid": {
      "Settings": false
    },
    "AutoFish": {
      "Settings": false
    },
    "AutoRespawn": {
      "Settings": false
    },
    "AutoTool": {
      "Settings": false
    },
    "Blink": {
      "Settings": false
    },
    "CSGO": {
      "Settings": false
    },
    "Eagle": {
      "Settings": true
    },
    "FastUse": {
      "Settings": false
    },
    "Gapple": {
      "Settings": false
    },
    "InventoryCleaner": {
      "Settings": false
    },
    "KeepAlive": {
      "Settings": false
    },
    "NoFall": {
      "Settings": false
    },
    "PlayerEdit": {
      "Settings": false
    },
    "PotionSaver": {
      "Settings": false
    },
    "Reach": {
      "Settings": false
    },
    "Regen": {
      "Settings": false
    },
    "Zoot": {
      "Settings": false
    }
  },
  "Combat": {
    "open": false,
    "visible": true,
    "posX": 449,
    "posY": 5,
    "Aimbot": {
      "Settings": false
    },
    "AutoArmor": {
      "Settings": false
    },
    "AutoBow": {
      "Settings": false
    },
    "AutoClicker": {
      "Settings": false
    },
    "AutoLeave": {
      "Settings": false
    },
    "AutoPot": {
      "Settings": false
    },
    "AutoSoup": {
      "Settings": false
    },
    "AutoWeapon": {
      "Settings": false
    },
    "BowAimbot": {
      "Settings": false
    },
    "Critcals": {
      "Settings": false
    },
    "FastBow": {
      "Settings": false
    },
    "HitBox": {
      "Settings": false
    },
    "Ignite": {
      "Settings": false
    },
    "KillAura": {
      "Settings": false
    },
    "NoFriends": {
      "Settings": false
    },
    "SuperKnockback": {
      "Settings": false
    },
    "TNTBlock": {
      "Settings": false
    },
    "TeleportHit": {
      "Settings": false
    },
    "Trigger": {
      "Settings": false
    },
    "Velocity": {
      "Settings": false
    }
  },
  "Targets": {
    "open": false,
    "visible": true,
    "posX": 408,
    "posY": 11
  },
  "World": {
    "open": false,
    "visible": true,
    "posX": 412,
    "posY": 7,
    "Ambience": {
      "Settings": false
    },
    "AutoBreak": {
      "Settings": false
    },
    "AutoLobby": {
      "Settings": false
    },
    "AutoNoFall": {
      "Settings": false
    },
    "ChestAura": {
      "Settings": false
    },
    "ChestStealer": {
      "Settings": false
    },
    "CivBreak": {
      "Settings": false
    },
    "FastBreak": {
      "Settings": false
    },
    "FastPlace": {
      "Settings": false
    },
    "FlyHelper": {
      "Settings": false
    },
    "Fucker": {
      "Settings": false
    },
    "KeepArmor": {
      "Settings": false
    },
    "Liquids": {
      "Settings": false
    },
    "NoSlowBreak": {
      "Settings": false
    },
    "NoSlowHelper": {
      "Settings": false
    },
    "Nuker": {
      "Settings": false
    },
    "Performance": {
      "Settings": false
    },
    "Scaffold": {
      "Settings": false
    },
    "SpeedHelper": {
      "Settings": false
    },
    "SpeedMine": {
      "Settings": false
    },
    "Timer": {
      "Settings": false
    },
    "Tower": {
      "Settings": false
    }
  },
  "Exploit": {
    "open": false,
    "visible": true,
    "posX": 421,
    "posY": 29,
    "AbortBreaking": {
      "Settings": false
    },
    "AntiHunger": {
      "Settings": false
    },
    "BedGodMode": {
      "Settings": false
    },
    "Clip": {
      "Settings": false
    },
    "ConsoleSpammer": {
      "Settings": false
    },
    "Damage": {
      "Settings": false
    },
    "DisablerPlus": {
      "Settings": false
    },
    "DisablerPro": {
      "Settings": false
    },
    "DisablerX": {
      "Settings": false
    },
    "ForceUnicodeChat": {
      "Settings": false
    },
    "Ghost": {
      "Settings": false
    },
    "GhostHand": {
      "Settings": false
    },
    "GodMode": {
      "Settings": false
    },
    "ItemTeleport": {
      "Settings": false
    },
    "KeepContainer": {
      "Settings": false
    },
    "Kick": {
      "Settings": false
    },
    "MoreCarry": {
      "Settings": false
    },
    "MultiActions": {
      "Settings": false
    },
    "NoPitchLimit": {
      "Settings": false
    },
    "PacketFixer": {
      "Settings": false
    },
    "Paralyze": {
      "Settings": false
    },
    "Phase": {
      "Settings": false
    },
    "PingSpoof": {
      "Settings": false
    },
    "Plugins": {
      "Settings": false
    },
    "PortalMenu": {
      "Settings": false
    },
    "ServerCrasher": {
      "Settings": false
    },
    "Teleport": {
      "Settings": false
    },
    "VehicleOneHit": {
      "Settings": false
    }
  },
  "Misc": {
    "open": false,
    "visible": true,
    "posX": 440,
    "posY": 80,
    "AntiBan": {
      "Settings": false
    },
    "AntiBot": {
      "Settings": false
    },
    "AntiDesync": {
      "Settings": false
    },
    "AntiStaff": {
      "Settings": false
    },
    "AntiVanish": {
      "Settings": false
    },
    "AtAllProvider": {
      "Settings": false
    },
    "AuthBypass": {
      "Settings": false
    },
    "AutoGG": {
      "Settings": false
    },
    "AutoL": {
      "Settings": false
    },
    "AutoPlay": {
      "Settings": false
    },
    "BanChecker": {
      "Settings": false
    },
    "ComponentOnHover": {
      "Settings": false
    },
    "HypixelSetting": {
      "Settings": false
    },
    "LiquidChat": {
      "Settings": false
    },
    "MidClick": {
      "Settings": false
    },
    "NameProtect": {
      "Settings": false
    },
    "NoRotateSet": {
      "Settings": false
    },
    "ResourcePackSpoof": {
      "Settings": false
    },
    "Spammer": {
      "Settings": false
    },
    "Teams": {
      "Settings": false
    },
    "Title": {
      "Settings": false
    },
    "Wind Tk 695736435": {
      "Settings": false
    },
    "confings": {
      "Settings": false
    }
  },
  "Color": {
    "open": true,
    "visible": true,
    "posX": 450,
    "posY": 113
  },
  "Render": {
    "open": false,
    "visible": true,
    "posX": 440,
    "posY": 155,
    "Animations": {
      "Settings": false
    },
    "AntiBlind": {
      "Settings": false
    },
    "AsianHat": {
      "Settings": false
    },
    "AttackEffects": {
      "Settings": false
    },
    "BlockESP": {
      "Settings": false
    },
    "BlockOverlay": {
      "Settings": false
    },
    "Breadcrumbs": {
      "Settings": false
    },
    "CameraClip": {
      "Settings": false
    },
    "Cape": {
      "Settings": false
    },
    "Chams": {
      "Settings": false
    },
    "ClearBot": {
      "Settings": false
    },
    "ClickGUI": {
      "Settings": false
    },
    "Compass": {
      "Settings": false
    },
    "DamageParticle": {
      "Settings": false
    },
    "Disabler": {
      "Settings": false
    },
    "ESP": {
      "Settings": false
    },
    "EnchantEffect": {
      "Settings": false
    },
    "FPSHurtCam": {
      "Settings": false
    },
    "FreeCam": {
      "Settings": false
    },
    "Fullbright": {
      "Settings": false
    },
    "HUD": {
      "Settings": false
    },
    "ItemESP": {
      "Settings": false
    },
    "JelloArraylist": {
      "Settings": false
    },
    "MotionBlur": {
      "Settings": false
    },
    "MotionRender": {
      "Settings": false
    },
    "NameTag": {
      "Settings": false
    },
    "NoAchievements": {
      "Settings": false
    },
    "NoBob": {
      "Settings": false
    },
    "NoFOV": {
      "Settings": false
    },
    "NoHurtCam": {
      "Settings": false
    },
    "NoScoreboard": {
      "Settings": false
    },
    "NoSwing": {
      "Settings": false
    },
    "OnScreenRadar": {
      "Settings": false
    },
    "PlayerHealthSend": {
      "Settings": false
    },
    "Projectiles": {
      "Settings": false
    },
    "ProphuntESP": {
      "Settings": false
    },
    "Rotations": {
      "Settings": false
    },
    "StorageESP": {
      "Settings": false
    },
    "SwingAnimation": {
      "Settings": false
    },
    "TNTESP": {
      "Settings": false
    },
    "TargetMark": {
      "Settings": false
    },
    "Tracers": {
      "Settings": false
    },
    "Trail": {
      "Settings": false
    },
    "TrueSight": {
      "Settings": false
    },
    "XRay": {
      "Settings": false
    }
  }
}
