[
  {
    "Type": "Scoreboard",
    "X": 5.0,
    "Y": 0.0,
    "Scale": 1.0,
    "HorizontalFacing": "Right",
    "VerticalFacing": "Middle",
    "Text-R": 255,
    "Text-G": 255,
    "Text-B": 255,
    "Background-R": 0,
    "Background-G": 0,
    "Background-B": 0,
    "Background-Alpha": 95,
    "Rect": false,
    "Rect-Color": "Custom",
    "Rect-R": 0,
    "Rect-G": 111,
    "Rect-B": 255,
    "Rect-Alpha": 255,
    "Shadow": false,
    "ServerIp": "CrazySense",
    "NoPoints": false,
    "Font": {
      "fontName": "Minecraft Font",
      "fontSize": -1
    }
  },
  {
    "Type": "Effects",
    "X": 2.0,
    "Y": 10.0,
    "Scale": 1.0,
    "HorizontalFacing": "Right",
    "VerticalFacing": "Down",
    "Font": {
      "fontName": "Roboto Medium",
      "fontSize": 35
    },
    "Shadow": true
  },
  {
    "Type": "Text",
    "X": 4.0,
    "Y": 6.0,
    "Scale": 1.0,
    "HorizontalFacing": "Left",
    "VerticalFacing": "Up",
    "DisplayText": "Gura Config ح FPS:%fps% ح Speed:%speed% ح Time:%time%",
    "Red": 255,
    "Green": 255,
    "Blue": 255,
    "Text-Color": "Fade",
    "Rainbow-X": -1000.0,
    "Rainbow-Y": -1000.0,
    "Animation": false,
    "AnimationDelay": 0.33,
    "AstolfoRainbowOffset": 5,
    "AstolfoRainbowIndex": 109,
    "Slide": false,
    "SlideDelay": 100,
    "Shadow": true,
    "Rect": true,
    "BordAlpha": 0,
    "Border-Mode": "Slide",
    "orangeText": false,
    "Font": {
      "fontName": "Minecraft Font",
      "fontSize": -1
    },
    "UpBorderRed": 80,
    "UpBorderGreen": 207,
    "UpBorderBlue": 23,
    "UpBorderAlpha": 60
  },
  {
    "Type": "Target2",
    "X": -62.0,
    "Y": 30.0,
    "Scale": 1.0,
    "HorizontalFacing": "Middle",
    "VerticalFacing": "Middle",
    "Mode": "Rise",
    "SwitchMode": "None",
    "AnimSpeed": 7,
    "SwitchAnimSpeed": 20,
    "Red": 255,
    "Green": 255,
    "Blue": 255,
    "GradientRed": 255,
    "GradientGreen": 255,
    "GradientBlue": 255,
    "Font": {
      "fontName": "Minecraft Font",
      "fontSize": -1
    }
  },
  {
    "Type": "Arraylist",
    "X": -1.0,
    "Y": -1.0,
    "Scale": 1.0,
    "HorizontalFacing": "Right",
    "VerticalFacing": "Up",
    "Color": "Fade",
    "Blur": false,
    "Blur-Strength": 0.0,
    "Red": 255,
    "Green": 255,
    "Blue": 255,
    "Alpha": 255,
    "Saturation": 0.9,
    "Brightness": 1.0,
    "Sky-Distance": 2,
    "CRainbow-Seconds": 1,
    "CRainbow-Distance": 1,
    "Mixer-Seconds": 1,
    "Mixer-Distance": 0,
    "LiquidSlowly-Distance": 30,
    "Fade-Distance": 18,
    "CustomRainbow-Distance": 15,
    "HorizontalAnimation": "Slide",
    "VerticalAnimation": "Slide",
    "Animation-Speed": 0.25,
    "NameBreak": true,
    "Alphabetical-Order": false,
    "Tags": true,
    "TagsStyle": "()",
    "ShadowText": true,
    "Background-R": 0,
    "Background-G": 0,
    "Background-B": 0,
    "Background-Alpha": 120,
    "Rect-Right": "Left",
    "Rect-Left": "Left",
    "LowerCase": false,
    "Space": 0.0,
    "TextHeight": 11.961538,
    "TextY": 1.0,
    "TagsArrayColor": false,
    "Font": {
      "fontName": "Bold",
      "fontSize": 30
    }
  },
  {
    "Type": "Notifications",
    "X": 33.23813450336456,
    "Y": 55.23808288574219,
    "Scale": 1.05,
    "HorizontalFacing": "Right",
    "VerticalFacing": "Down",
    "BackGroundAlpha": 211
  }
]
