[
  {
    "Type": "Effects",
    "X": 2.0,
    "Y": 10.0,
    "Scale": 1.0,
    "HorizontalFacing": "Right",
    "VerticalFacing": "Down",
    "Font": {
      "fontName": "Roboto Medium",
      "fontSize": 35
    },
    "Shadow": true
  },
  {
    "Type": "GameInfo",
    "X": 0.0,
    "Y": 67.0,
    "Scale": 0.79999995,
    "HorizontalFacing": "Left",
    "VerticalFacing": "Up",
    "BackgroundRed": 255,
    "BackgroundGreen": 255,
    "BackgroundBlue": 255,
    "BackgroundAlpha": 167,
    "RectRed": 255,
    "RectGreen": 68,
    "RectBlue": 255,
    "RectAlpha": 35,
    "TextRed": 255,
    "TextBlue": 255,
    "Textalpha": 255
  },
  {
    "Type": "Effects",
    "X": 2.0,
    "Y": 10.0,
    "Scale": 1.0,
    "HorizontalFacing": "Right",
    "VerticalFacing": "Down",
    "Font": {
      "fontName": "Roboto Medium",
      "fontSize": 35
    },
    "Shadow": true
  },
  {
    "Type": "Effects",
    "X": 2.0,
    "Y": 10.0,
    "Scale": 1.0,
    "HorizontalFacing": "Right",
    "VerticalFacing": "Down",
    "Font": {
      "fontName": "Roboto Medium",
      "fontSize": 35
    },
    "Shadow": true
  },
  {
    "Type": "Notifications",
    "X": 8.0,
    "Y": 53.0,
    "Scale": 1.0,
    "HorizontalFacing": "Right",
    "VerticalFacing": "Down",
    "BackGroundAlpha": 170,
    "Font": {
      "fontName": "Roboto Medium",
      "fontSize": 35
    }
  },
  {
    "Type": "Scoreboard",
    "X": 319.0,
    "Y": 251.0,
    "Scale": 1.0,
    "HorizontalFacing": "Right",
    "VerticalFacing": "Middle",
    "Text-R": 255,
    "Text-G": 255,
    "Text-B": 255,
    "Background-R": 0,
    "Background-G": 0,
    "Background-B": 0,
    "Background-Alpha": 95,
    "Rect": false,
    "Rect-Color": "Custom",
    "Rect-R": 0,
    "Rect-G": 111,
    "Rect-B": 255,
    "Rect-Alpha": 255,
    "Shadow": false,
    "Font": {
      "fontName": "Minecraft Font",
      "fontSize": -1
    }
  },
  {
    "Type": "Scoreboard",
    "X": 319.0,
    "Y": 251.0,
    "Scale": 1.0,
    "HorizontalFacing": "Right",
    "VerticalFacing": "Middle",
    "Text-R": 255,
    "Text-G": 255,
    "Text-B": 255,
    "Background-R": 0,
    "Background-G": 0,
    "Background-B": 0,
    "Background-Alpha": 95,
    "Rect": false,
    "Rect-Color": "Custom",
    "Rect-R": 0,
    "Rect-G": 111,
    "Rect-B": 255,
    "Rect-Alpha": 255,
    "Shadow": false,
    "Font": {
      "fontName": "Minecraft Font",
      "fontSize": -1
    }
  },
  {
    "Type": "Text",
    "X": 6.0,
    "Y": 9.0,
    "Scale": 0.95,
    "HorizontalFacing": "Left",
    "VerticalFacing": "Up",
    "DisplayText": "Cassiel   %username%  %fps%FPS  ",
    "RectMode": "None",
    "Text-Color": "Custom",
    "Red": 255,
    "Green": 65,
    "Blue": 255,
    "R2": 46,
    "G2": 143,
    "B2": 96,
    "Background-Red": 21,
    "Background-Green": 0,
    "Background-Blue": 0,
    "Background-Alpha": 120,
    "Amount": 25,
    "GidentSpeed": 100,
    "Distance": 0,
    "Rainbow-X": -1000.0,
    "Rainbow-Y": -439.0244,
    "Shadow": true,
    "Font": {
      "fontName": "SFUI Regular",
      "fontSize": 56
    }
  },
  {
    "Type": "Target",
    "X": 276.0,
    "Y": 306.0,
    "Scale": 1.0,
    "HorizontalFacing": "Left",
    "VerticalFacing": "Up",
    "FadeSpeed": 2.0,
    "Red": 255,
    "Green": 255,
    "Blue": 255,
    "R2": 0,
    "G2": 111,
    "B2": 255,
    "GidentSpeed": 100,
    "Distance": 0,
    "Amount": 25
  },
  {
    "Type": "Armor",
    "X": -8.0,
    "Y": 57.0,
    "Scale": 1.0,
    "HorizontalFacing": "Middle",
    "VerticalFacing": "Down",
    "Alignment": "Horizontal"
  },
  {
    "Type": "Arraylist",
    "X": 45.0,
    "Y": 0.0,
    "Scale": 1.05,
    "HorizontalFacing": "Right",
    "VerticalFacing": "Up",
    "BRainbowSpeed": 63,
    "BRainbow-Saturation": 0.13978495,
    "BRainbow-Brightness": 0.79569894,
    "BRainbow-R": 153,
    "BRainbow-B": 26,
    "BRainbow-G": 50,
    "Rainbow-X": -279.56982,
    "Rainbow-Y": 64.51611,
    "Text-Color": "Gident",
    "Text-R": 255,
    "Text-G": 106,
    "Text-B": 238,
    "R2": 153,
    "G2": 246,
    "B2": 222,
    "GidentSpeed": 430,
    "TwoRainbow": 0.7419355,
    "Rect-Color": "TwoRainbow",
    "Rect-R": 255,
    "Rect-G": 137,
    "Rect-B": 255,
    "Rect-Alpha": 2,
    "Random-Saturation": 0.07526882,
    "Random-Brightness": 1.0,
    "Tags": true,
    "ShadowText": true,
    "Background-Color": "Custom",
    "Background-R": 0,
    "Background-G": 0,
    "Background-B": 0,
    "Background-Alpha": 2,
    "BackGroundWidth": 2,
    "Rect": "Right",
    "UpperCase": true,
    "Space": 0.0,
    "TextHeight": 14.688172,
    "TextY": 6.666667,
    "TagsArrayColor": true,
    "NameBreak": true,
    "Font": {
      "fontName": "Bold",
      "fontSize": 45
    }
  }
]
