[
  {
    "Type": "Scoreboard",
    "X": 5.0,
    "Y": 0.0,
    "Scale": 1.0,
    "HorizontalFacing": "Right",
    "VerticalFacing": "Middle",
    "Text-R": 255,
    "Text-G": 255,
    "Text-B": 255,
    "Background-R": 0,
    "Background-G": 0,
    "Background-B": 0,
    "Background-Alpha": 95,
    "Rect": false,
    "Rect-Color": "Custom",
    "Rect-R": 0,
    "Rect-G": 111,
    "Rect-B": 255,
    "Rect-Alpha": 255,
    "Shadow": false,
    "ServerIp": "CrazySense",
    "NoPoints": false,
    "Font": {
      "fontName": "Minecraft Font",
      "fontSize": -1
    }
  },
  {
    "Type": "Effects",
    "X": 2.0,
    "Y": 10.0,
    "Scale": 1.0,
    "HorizontalFacing": "Right",
    "VerticalFacing": "Down",
    "Font": {
      "fontName": "Roboto Medium",
      "fontSize": 35
    },
    "Shadow": true
  },
  {
    "Type": "Notifications",
    "X": 0.0,
    "Y": 30.0,
    "Scale": 1.0,
    "HorizontalFacing": "Right",
    "VerticalFacing": "Down",
    "BackGroundAlpha": 170
  },
  {
    "Type": "Target",
    "X": 496.0,
    "Y": 262.0,
    "Scale": 1.0,
    "HorizontalFacing": "Left",
    "VerticalFacing": "Up",
    "Style": "Exhibition",
    "FadeSpeed": 2.0,
    "Blur": false,
    "Blur-Strength": 0.0,
    "TSlide-Animation": true,
    "DisplayWhenChat": true,
    "Rise-Shadow": true,
    "Rise-Shadow-Legacy": true,
    "Rise-Shadow-Strength": 4,
    "Rise-Particle": true,
    "Rise-Particle-Fade": true,
    "Rise-Gradient-Amount": 4,
    "Rise-Distance": 50,
    "Rise-ParticleSpeed": 0.05,
    "Exhi-Font": {
      "fontName": "SFUI Regular",
      "fontSize": 35
    },
    "Color": "Custom",
    "Red": 252,
    "Green": 96,
    "Blue": 66,
    "Saturation": 1.0,
    "Brightness": 1.0,
    "Seconds": 2,
    "Background-Red": 0,
    "Background-Green": 0,
    "Background-Blue": 0,
    "Background-Alpha": 160,
    "Liquid-Border-Red": 0,
    "Liquid-Border-Green": 0,
    "Liquid-Border-Blue": 0,
    "Liquid-Border-Alpha": 0
  },
  {
    "Type": "GameInfo",
    "X": -1.0,
    "Y": 136.0,
    "Scale": 1.0,
    "HorizontalFacing": "Left",
    "VerticalFacing": "Up",
    "BackgroundRed": 255,
    "BackgroundGreen": 255,
    "BackgroundBlue": 255,
    "BackgroundAlpha": 20,
    "RectRed": 255,
    "RectGreen": 255,
    "RectBlue": 255,
    "RectAlpha": 35,
    "TextRed": 244,
    "TextBlue": 255
  },
  {
    "Type": "Text",
    "X": 10.0,
    "Y": 10.0,
    "Scale": 1.0,
    "HorizontalFacing": "Left",
    "VerticalFacing": "Up",
    "DisplayText": "XingChen Sense",
    "Red": 11,
    "Green": 255,
    "Blue": 255,
    "Text-Color": "Custom",
    "Rainbow-X": -1000.0,
    "Rainbow-Y": -1000.0,
    "Animation": false,
    "AnimationDelay": 0.33,
    "AstolfoRainbowOffset": 5,
    "AstolfoRainbowIndex": 109,
    "Slide": false,
    "SlideDelay": 1000,
    "Shadow": false,
    "Rect": true,
    "BordAlpha": 0,
    "Border-Mode": "Slide",
    "orangeText": false,
    "Font": {
      "fontName": "jello",
      "fontSize": 120
    },
    "UpBorderRed": 80,
    "UpBorderGreen": 207,
    "UpBorderBlue": 23,
    "UpBorderAlpha": 60
  },
  {
    "Type": "Text",
    "X": 220.0,
    "Y": 26.0,
    "Scale": 1.0,
    "HorizontalFacing": "Left",
    "VerticalFacing": "Up",
    "DisplayText": "TK",
    "Red": 255,
    "Green": 31,
    "Blue": 255,
    "Text-Color": "Custom",
    "Rainbow-X": -1000.0,
    "Rainbow-Y": -1000.0,
    "Animation": false,
    "AnimationDelay": 0.33,
    "AstolfoRainbowOffset": 5,
    "AstolfoRainbowIndex": 109,
    "Slide": false,
    "SlideDelay": 100,
    "Shadow": false,
    "Rect": false,
    "BordAlpha": 0,
    "Border-Mode": "Slide",
    "orangeText": false,
    "Font": {
      "fontName": "Roboto Medium",
      "fontSize": 35
    },
    "UpBorderRed": 80,
    "UpBorderGreen": 207,
    "UpBorderBlue": 23,
    "UpBorderAlpha": 60
  },
  {
    "Type": "Arraylist",
    "X": 1.0,
    "Y": -1.0,
    "Scale": 1.0,
    "HorizontalFacing": "Right",
    "VerticalFacing": "Up",
    "Color": "Custom",
    "Blur": false,
    "Blur-Strength": 0.0,
    "Red": 255,
    "Green": 180,
    "Blue": 255,
    "Alpha": 255,
    "Saturation": 0.9,
    "Brightness": 1.0,
    "Sky-Distance": 2,
    "CRainbow-Seconds": 2,
    "CRainbow-Distance": 2,
    "Mixer-Seconds": 4,
    "Mixer-Distance": 2,
    "LiquidSlowly-Distance": 90,
    "Fade-Distance": 50,
    "CustomRainbow-Distance": 50,
    "HorizontalAnimation": "Slide",
    "VerticalAnimation": "Slide",
    "Animation-Speed": 0.25,
    "NameBreak": false,
    "Alphabetical-Order": false,
    "Tags": true,
    "TagsStyle": "Default",
    "ShadowText": true,
    "Background-R": 0,
    "Background-G": 0,
    "Background-B": 0,
    "Background-Alpha": 0,
    "Rect-Right": "None",
    "Rect-Left": "Left",
    "LowerCase": false,
    "Space": 1.0679612,
    "TextHeight": 11.0,
    "TextY": 1.0,
    "TagsArrayColor": false,
    "Font": {
      "fontName": "Roboto Ink-free40",
      "fontSize": 40
    }
  }
]
